country,alpha_2_code,alpha_3_code,numeric_code,indicator,time_period,obs_value,sex,unit_multiplier,unit_of_measure,observation_status,observation_confidentaility,time_period_activity_related_to_when_the_data_are_collected,current_age
Afghanistan,AF,AFG,4,Moderate food poverty,2015,38.2,Female,Units,%,Reanalysed,,Middle of fieldwork,6 to 23 months old
Afghanistan,AF,AFG,4,Moderate food poverty,2022,35.7,Female,Units,%,Reanalysed,,Middle of fieldwork,6 to 23 months old
Afghanistan,AF,AFG,4,Moderate food poverty,2015,38.4,Male,Units,%,Reanalysed,,Middle of fieldwork,6 to 23 months old
Afghanistan,AF,AFG,4,Moderate food poverty,2022,37.2,Male,Units,%,Reanalysed,,Middle of fieldwork,6 to 23 months old
Afghanistan,AF,AFG,4,Moderate food poverty,2015,38.3,Total,Units,%,Reanalysed,,Middle of fieldwork,6 to 23 months old
Afghanistan,AF,AFG,4,Moderate food poverty,2022,36.5,Total,Units,%,Reanalysed,,Middle of fieldwork,6 to 23 months old
Albania,AL,ALB,8,Moderate food poverty,2009,25.3,Female,Units,%,Reanalysed,,Middle of fieldwork,6 to 23 months old
Albania,AL,ALB,8,Moderate food poverty,2017,33.1,Female,Units,%,Reanalysed,,Middle of fieldwork,6 to 23 months old
Albania,AL,ALB,8,Moderate food poverty,2009,24.7,Male,Units,%,Reanalysed,,Middle of fieldwork,6 to 23 months old
Albania,AL,ALB,8,Moderate food poverty,2017,25.5,Male,Units,%,Reanalysed,,Middle of fieldwork,6 to 23 months old
Albania,AL,ALB,8,Moderate food poverty,2009,25.0,Total,Units,%,Reanalysed,,Middle of fieldwork,6 to 23 months old
Albania,AL,ALB,8,Moderate food poverty,2017,29.3,Total,Units,%,Reanalysed,,Middle of fieldwork,6 to 23 months old
Algeria,DZ,DZA,12,Moderate food poverty,2019,43.5,Female,Units,%,Reanalysed,,Middle of fieldwork,6 to 23 months old
Algeria,DZ,DZA,12,Moderate food poverty,2019,44.1,Male,Units,%,Reanalysed,,Middle of fieldwork,6 to 23 months old
Algeria,DZ,DZA,12,Moderate food poverty,2019,43.8,Total,Units,%,Reanalysed,,Middle of fieldwork,6 to 23 months old
Angola,AO,AGO,24,Moderate food poverty,2015,41.2,Female,Units,%,Reanalysed,,Middle of fieldwork,6 to 23 months old
Angola,AO,AGO,24,Moderate food poverty,2015,40.9,Male,Units,%,Reanalysed,,Middle of fieldwork,6 to 23 months old
Angola,AO,AGO,24,Moderate food poverty,2015,41.1,Total,Units,%,Reanalysed,,Middle of fieldwork,6 to 23 months old
Armenia,AM,ARM,51,Moderate food poverty,2005,34.9,Female,Units,%,Reanalysed,,Middle of fieldwork,6 to 23 months old
Armenia,AM,ARM,51,Moderate food poverty,2010,38.6,Female,Units,%,Reanalysed,,Middle of fieldwork,6 to 23 months old
Armenia,AM,ARM,51,Moderate food poverty,2016,46.0,Female,Units,%,Reanalysed,,Middle of fieldwork,6 to 23 months old
Armenia,AM,ARM,51,Moderate food poverty,2005,31.6,Male,Units,%,Reanalysed,,Middle of fieldwork,6 to 23 months old
Armenia,AM,ARM,51,Moderate food poverty,2010,36.3,Male,Units,%,Reanalysed,,Middle of fieldwork,6 to 23 months old
Armenia,AM,ARM,51,Moderate food poverty,2016,52.8,Male,Units,%,Reanalysed,,Middle of fieldwork,6 to 23 months old
Armenia,AM,ARM,51,Moderate food poverty,2005,33.1,Total,Units,%,Reanalysed,,Middle of fieldwork,6 to 23 months old
Armenia,AM,ARM,51,Moderate food poverty,2010,37.5,Total,Units,%,Reanalysed,,Middle of fieldwork,6 to 23 months old
Armenia,AM,ARM,51,Moderate food poverty,2016,49.3,Total,Units,%,Reanalysed,,Middle of fieldwork,6 to 23 months old
Azerbaijan,AZ,AZE,31,Moderate food poverty,2006,42.9,Female,Units,%,Reanalysed,,Middle of fieldwork,6 to 23 months old
Azerbaijan,AZ,AZE,31,Moderate food poverty,2023,33.7,Female,Units,%,Reanalysed,,Middle of fieldwork,6 to 23 months old
Azerbaijan,AZ,AZE,31,Moderate food poverty,2006,40.0,Male,Units,%,Reanalysed,,Middle of fieldwork,6 to 23 months old
Azerbaijan,AZ,AZE,31,Moderate food poverty,2023,34.8,Male,Units,%,Reanalysed,,Middle of fieldwork,6 to 23 months old
Azerbaijan,AZ,AZE,31,Moderate food poverty,2006,41.3,Total,Units,%,Reanalysed,,Middle of fieldwork,6 to 23 months old
Azerbaijan,AZ,AZE,31,Moderate food poverty,2023,34.3,Total,Units,%,Reanalysed,,Middle of fieldwork,6 to 23 months old
Bangladesh,BD,BGD,50,Moderate food poverty,2011,44.6,Female,Units,%,Reanalysed,,Middle of fieldwork,6 to 23 months old
Bangladesh,BD,BGD,50,Moderate food poverty,2014,44.8,Female,Units,%,Reanalysed,,Middle of fieldwork,6 to 23 months old
Bangladesh,BD,BGD,50,Moderate food poverty,2018,44.1,Female,Units,%,Reanalysed,,Middle of fieldwork,6 to 23 months old
Bangladesh,BD,BGD,50,Moderate food poverty,2019,46.7,Female,Units,%,Reanalysed,,Middle of fieldwork,6 to 23 months old
Bangladesh,BD,BGD,50,Moderate food poverty,2022,41.5,Female,Units,%,Reanalysed,,Middle of fieldwork,6 to 23 months old
Bangladesh,BD,BGD,50,Moderate food poverty,2011,45.1,Male,Units,%,Reanalysed,,Middle of fieldwork,6 to 23 months old
Bangladesh,BD,BGD,50,Moderate food poverty,2014,45.8,Male,Units,%,Reanalysed,,Middle of fieldwork,6 to 23 months old
Bangladesh,BD,BGD,50,Moderate food poverty,2018,45.1,Male,Units,%,Reanalysed,,Middle of fieldwork,6 to 23 months old
Bangladesh,BD,BGD,50,Moderate food poverty,2019,45.7,Male,Units,%,Reanalysed,,Middle of fieldwork,6 to 23 months old
Bangladesh,BD,BGD,50,Moderate food poverty,2022,40.8,Male,Units,%,Reanalysed,,Middle of fieldwork,6 to 23 months old
Bangladesh,BD,BGD,50,Moderate food poverty,2011,44.9,Total,Units,%,Reanalysed,,Middle of fieldwork,6 to 23 months old
Bangladesh,BD,BGD,50,Moderate food poverty,2014,45.3,Total,Units,%,Reanalysed,,Middle of fieldwork,6 to 23 months old
Bangladesh,BD,BGD,50,Moderate food poverty,2018,44.6,Total,Units,%,Reanalysed,,Middle of fieldwork,6 to 23 months old
Bangladesh,BD,BGD,50,Moderate food poverty,2019,46.2,Total,Units,%,Reanalysed,,Middle of fieldwork,6 to 23 months old
Bangladesh,BD,BGD,50,Moderate food poverty,2022,41.2,Total,Units,%,Reanalysed,,Middle of fieldwork,6 to 23 months old
Belarus,BY,BLR,112,Moderate food poverty,2019,28.1,Female,Units,%,Reanalysed,,Middle of fieldwork,6 to 23 months old
Belarus,BY,BLR,112,Moderate food poverty,2019,30.4,Male,Units,%,Reanalysed,,Middle of fieldwork,6 to 23 months old
Belarus,BY,BLR,112,Moderate food poverty,2019,29.2,Total,Units,%,Reanalysed,,Middle of fieldwork,6 to 23 months old
Belize,BZ,BLZ,84,Moderate food poverty,2015,31.5,Female,Units,%,Reanalysed,,Middle of fieldwork,6 to 23 months old
Belize,BZ,BLZ,84,Moderate food poverty,2015,33.0,Male,Units,%,Reanalysed,,Middle of fieldwork,6 to 23 months old
Belize,BZ,BLZ,84,Moderate food poverty,2015,32.3,Total,Units,%,Reanalysed,,Middle of fieldwork,6 to 23 months old
Benin,BJ,BEN,204,Moderate food poverty,2012,28.4,Female,Units,%,Reanalysed,,Middle of fieldwork,6 to 23 months old
Benin,BJ,BEN,204,Moderate food poverty,2014,45.7,Female,Units,%,Reanalysed,,Middle of fieldwork,6 to 23 months old
Benin,BJ,BEN,204,Moderate food poverty,2018,29.8,Female,Units,%,Reanalysed,,Middle of fieldwork,6 to 23 months old
Benin,BJ,BEN,204,Moderate food poverty,2021,43.4,Female,Units,%,Reanalysed,,Middle of fieldwork,6 to 23 months old
Benin,BJ,BEN,204,Moderate food poverty,2012,30.6,Male,Units,%,Reanalysed,,Middle of fieldwork,6 to 23 months old
Benin,BJ,BEN,204,Moderate food poverty,2014,48.2,Male,Units,%,Reanalysed,,Middle of fieldwork,6 to 23 months old
Benin,BJ,BEN,204,Moderate food poverty,2018,30.2,Male,Units,%,Reanalysed,,Middle of fieldwork,6 to 23 months old
Benin,BJ,BEN,204,Moderate food poverty,2021,40.6,Male,Units,%,Reanalysed,,Middle of fieldwork,6 to 23 months old
Benin,BJ,BEN,204,Moderate food poverty,2012,29.5,Total,Units,%,Reanalysed,,Middle of fieldwork,6 to 23 months old
Benin,BJ,BEN,204,Moderate food poverty,2014,46.9,Total,Units,%,Reanalysed,,Middle of fieldwork,6 to 23 months old
Benin,BJ,BEN,204,Moderate food poverty,2018,30.0,Total,Units,%,Reanalysed,,Middle of fieldwork,6 to 23 months old
Benin,BJ,BEN,204,Moderate food poverty,2021,41.9,Total,Units,%,Reanalysed,,Middle of fieldwork,6 to 23 months old
Bhutan,BT,BTN,64,Moderate food poverty,2015,33.9,Female,Units,%,Reanalysed,,Middle of fieldwork,6 to 23 months old
Bhutan,BT,BTN,64,Moderate food poverty,2015,40.7,Male,Units,%,Reanalysed,,Middle of fieldwork,6 to 23 months old
Bhutan,BT,BTN,64,Moderate food poverty,2015,37.2,Total,Units,%,Reanalysed,,Middle of fieldwork,6 to 23 months old
Bolivia,BO,BOL,68,Moderate food poverty,2008,25.4,Female,Units,%,Reanalysed,,Middle of fieldwork,6 to 23 months old
Bolivia,BO,BOL,68,Moderate food poverty,2016,24.9,Female,Units,%,Reanalysed,,Middle of fieldwork,6 to 23 months old
Bolivia,BO,BOL,68,Moderate food poverty,2008,28.6,Male,Units,%,Reanalysed,,Middle of fieldwork,6 to 23 months old
Bolivia,BO,BOL,68,Moderate food poverty,2016,20.7,Male,Units,%,Reanalysed,,Middle of fieldwork,6 to 23 months old
Bolivia,BO,BOL,68,Moderate food poverty,2008,27.1,Total,Units,%,Reanalysed,,Middle of fieldwork,6 to 23 months old
Bolivia,BO,BOL,68,Moderate food poverty,2016,22.9,Total,Units,%,Reanalysed,,Middle of fieldwork,6 to 23 months old
Brazil,BR,BRA,76,Moderate food poverty,2019,25.9,Female,Units,%,External Reanalysis,,Middle of fieldwork,6 to 23 months old
Brazil,BR,BRA,76,Moderate food poverty,2019,30.5,Male,Units,%,External Reanalysis,,Middle of fieldwork,6 to 23 months old
Brazil,BR,BRA,76,Moderate food poverty,2019,28.3,Total,Units,%,External Reanalysis,,Middle of fieldwork,6 to 23 months old
Burkina Faso,BF,BFA,854,Moderate food poverty,2010,28.1,Female,Units,%,Reanalysed,,Middle of fieldwork,6 to 23 months old
Burkina Faso,BF,BFA,854,Moderate food poverty,2019,42.4,Female,Units,%,Reanalysed,,Middle of fieldwork,6 to 23 months old
Burkina Faso,BF,BFA,854,Moderate food poverty,2020,51.5,Female,Units,%,Reanalysed,,Middle of fieldwork,6 to 23 months old
Burkina Faso,BF,BFA,854,Moderate food poverty,2021,48.5,Female,Units,%,Reanalysed,,Middle of fieldwork,6 to 23 months old
Burkina Faso,BF,BFA,854,Moderate food poverty,2010,28.2,Male,Units,%,Reanalysed,,Middle of fieldwork,6 to 23 months old
Burkina Faso,BF,BFA,854,Moderate food poverty,2019,40.4,Male,Units,%,Reanalysed,,Middle of fieldwork,6 to 23 months old
Burkina Faso,BF,BFA,854,Moderate food poverty,2020,53.8,Male,Units,%,Reanalysed,,Middle of fieldwork,6 to 23 months old
Burkina Faso,BF,BFA,854,Moderate food poverty,2021,49.8,Male,Units,%,Reanalysed,,Middle of fieldwork,6 to 23 months old
Burkina Faso,BF,BFA,854,Moderate food poverty,2010,28.2,Total,Units,%,Reanalysed,,Middle of fieldwork,6 to 23 months old
Burkina Faso,BF,BFA,854,Moderate food poverty,2019,41.4,Total,Units,%,Reanalysed,,Middle of fieldwork,6 to 23 months old
Burkina Faso,BF,BFA,854,Moderate food poverty,2020,52.7,Total,Units,%,Reanalysed,,Middle of fieldwork,6 to 23 months old
Burkina Faso,BF,BFA,854,Moderate food poverty,2021,49.2,Total,Units,%,Reanalysed,,Middle of fieldwork,6 to 23 months old
Burundi,BI,BDI,108,Moderate food poverty,2010,60.8,Female,Units,%,Reanalysed,,Middle of fieldwork,6 to 23 months old
Burundi,BI,BDI,108,Moderate food poverty,2016,64.2,Female,Units,%,Reanalysed,,Middle of fieldwork,6 to 23 months old
Burundi,BI,BDI,108,Moderate food poverty,2010,62.4,Male,Units,%,Reanalysed,,Middle of fieldwork,6 to 23 months old
Burundi,BI,BDI,108,Moderate food poverty,2016,62.9,Male,Units,%,Reanalysed,,Middle of fieldwork,6 to 23 months old
Burundi,BI,BDI,108,Moderate food poverty,2010,61.6,Total,Units,%,Reanalysed,,Middle of fieldwork,6 to 23 months old
Burundi,BI,BDI,108,Moderate food poverty,2016,63.6,Total,Units,%,Reanalysed,,Middle of fieldwork,6 to 23 months old
Cambodia,KH,KHM,116,Moderate food poverty,2005,55.6,Female,Units,%,Reanalysed,,Middle of fieldwork,6 to 23 months old
Cambodia,KH,KHM,116,Moderate food poverty,2010,52.8,Female,Units,%,Reanalysed,,Middle of fieldwork,6 to 23 months old
Cambodia,KH,KHM,116,Moderate food poverty,2014,42.0,Female,Units,%,Reanalysed,,Middle of fieldwork,6 to 23 months old
Cambodia,KH,KHM,116,Moderate food poverty,2021,37.7,Female,Units,%,Reanalysed,,Middle of fieldwork,6 to 23 months old
Cambodia,KH,KHM,116,Moderate food poverty,2005,51.8,Male,Units,%,Reanalysed,,Middle of fieldwork,6 to 23 months old
Cambodia,KH,KHM,116,Moderate food poverty,2010,52.0,Male,Units,%,Reanalysed,,Middle of fieldwork,6 to 23 months old
Cambodia,KH,KHM,116,Moderate food poverty,2014,46.0,Male,Units,%,Reanalysed,,Middle of fieldwork,6 to 23 months old
Cambodia,KH,KHM,116,Moderate food poverty,2021,37.7,Male,Units,%,Reanalysed,,Middle of fieldwork,6 to 23 months old
Cambodia,KH,KHM,116,Moderate food poverty,2005,53.7,Total,Units,%,Reanalysed,,Middle of fieldwork,6 to 23 months old
Cambodia,KH,KHM,116,Moderate food poverty,2010,52.4,Total,Units,%,Reanalysed,,Middle of fieldwork,6 to 23 months old
Cambodia,KH,KHM,116,Moderate food poverty,2014,44.0,Total,Units,%,Reanalysed,,Middle of fieldwork,6 to 23 months old
Cambodia,KH,KHM,116,Moderate food poverty,2021,37.7,Total,Units,%,Reanalysed,,Middle of fieldwork,6 to 23 months old
Cameroon,CM,CMR,120,Moderate food poverty,2011,51.9,Female,Units,%,Reanalysed,,Middle of fieldwork,6 to 23 months old
Cameroon,CM,CMR,120,Moderate food poverty,2014,52.0,Female,Units,%,Reanalysed,,Middle of fieldwork,6 to 23 months old
Cameroon,CM,CMR,120,Moderate food poverty,2018,51.8,Female,Units,%,Reanalysed,,Middle of fieldwork,6 to 23 months old
Cameroon,CM,CMR,120,Moderate food poverty,2011,48.6,Male,Units,%,Reanalysed,,Middle of fieldwork,6 to 23 months old
Cameroon,CM,CMR,120,Moderate food poverty,2014,51.3,Male,Units,%,Reanalysed,,Middle of fieldwork,6 to 23 months old
Cameroon,CM,CMR,120,Moderate food poverty,2018,53.2,Male,Units,%,Reanalysed,,Middle of fieldwork,6 to 23 months old
Cameroon,CM,CMR,120,Moderate food poverty,2011,50.3,Total,Units,%,Reanalysed,,Middle of fieldwork,6 to 23 months old
Cameroon,CM,CMR,120,Moderate food poverty,2014,51.6,Total,Units,%,Reanalysed,,Middle of fieldwork,6 to 23 months old
Cameroon,CM,CMR,120,Moderate food poverty,2018,52.5,Total,Units,%,Reanalysed,,Middle of fieldwork,6 to 23 months old
Central African Republic,CF,CAF,140,Moderate food poverty,2010,53.8,Female,Units,%,Reanalysed,,Middle of fieldwork,6 to 23 months old
Central African Republic,CF,CAF,140,Moderate food poverty,2010,54.9,Male,Units,%,Reanalysed,,Middle of fieldwork,6 to 23 months old
Central African Republic,CF,CAF,140,Moderate food poverty,2010,54.4,Total,Units,%,Reanalysed,,Middle of fieldwork,6 to 23 months old
Chad,TD,TCD,148,Moderate food poverty,2015,36.4,Female,Units,%,Reanalysed,,Middle of fieldwork,6 to 23 months old
Chad,TD,TCD,148,Moderate food poverty,2019-08,47.9,Female,Units,%,Reanalysed,,Middle of fieldwork,6 to 23 months old
Chad,TD,TCD,148,Moderate food poverty,2019-09,35.8,Female,Units,%,Reanalysed,,Middle of fieldwork,6 to 23 months old
Chad,TD,TCD,148,Moderate food poverty,2020,51.5,Female,Units,%,Reanalysed,,Middle of fieldwork,6 to 23 months old
Chad,TD,TCD,148,Moderate food poverty,2022,33.9,Female,Units,%,Reanalysed,,Middle of fieldwork,6 to 23 months old
Chad,TD,TCD,148,Moderate food poverty,2015,35.8,Male,Units,%,Reanalysed,,Middle of fieldwork,6 to 23 months old
Chad,TD,TCD,148,Moderate food poverty,2019-08,49.1,Male,Units,%,Reanalysed,,Middle of fieldwork,6 to 23 months old
Chad,TD,TCD,148,Moderate food poverty,2019-09,36.6,Male,Units,%,Reanalysed,,Middle of fieldwork,6 to 23 months old
Chad,TD,TCD,148,Moderate food poverty,2020,50.3,Male,Units,%,Reanalysed,,Middle of fieldwork,6 to 23 months old
Chad,TD,TCD,148,Moderate food poverty,2022,35.2,Male,Units,%,Reanalysed,,Middle of fieldwork,6 to 23 months old
Chad,TD,TCD,148,Moderate food poverty,2015,36.1,Total,Units,%,Reanalysed,,Middle of fieldwork,6 to 23 months old
Chad,TD,TCD,148,Moderate food poverty,2019-08,48.5,Total,Units,%,Reanalysed,,Middle of fieldwork,6 to 23 months old
Chad,TD,TCD,148,Moderate food poverty,2019-09,36.2,Total,Units,%,Reanalysed,,Middle of fieldwork,6 to 23 months old
Chad,TD,TCD,148,Moderate food poverty,2020,50.9,Total,Units,%,Reanalysed,,Middle of fieldwork,6 to 23 months old
Chad,TD,TCD,148,Moderate food poverty,2022,34.5,Total,Units,%,Reanalysed,,Middle of fieldwork,6 to 23 months old
China,CN,CHN,156,Moderate food poverty,2017,29.0,Female,Units,%,External Reanalysis,,Middle of fieldwork,6 to 23 months old
China,CN,CHN,156,Moderate food poverty,2017,29.4,Male,Units,%,External Reanalysis,,Middle of fieldwork,6 to 23 months old
China,CN,CHN,156,Moderate food poverty,2017,29.2,Total,Units,%,External Reanalysis,,Middle of fieldwork,6 to 23 months old
Colombia,CO,COL,170,Moderate food poverty,2010,29.6,Female,Units,%,Reanalysed,,Middle of fieldwork,6 to 23 months old
Colombia,CO,COL,170,Moderate food poverty,2016,21.7,Female,Units,%,Reanalysed,,Middle of fieldwork,6 to 23 months old
Colombia,CO,COL,170,Moderate food poverty,2010,29.2,Male,Units,%,Reanalysed,,Middle of fieldwork,6 to 23 months old
Colombia,CO,COL,170,Moderate food poverty,2016,26.5,Male,Units,%,Reanalysed,,Middle of fieldwork,6 to 23 months old
Colombia,CO,COL,170,Moderate food poverty,2010,29.4,Total,Units,%,Reanalysed,,Middle of fieldwork,6 to 23 months old
Colombia,CO,COL,170,Moderate food poverty,2016,24.1,Total,Units,%,Reanalysed,,Middle of fieldwork,6 to 23 months old
Comoros,KM,COM,174,Moderate food poverty,2012,50.3,Female,Units,%,Reanalysed,,Middle of fieldwork,6 to 23 months old
Comoros,KM,COM,174,Moderate food poverty,2022,46.2,Female,Units,%,Reanalysed,,Middle of fieldwork,6 to 23 months old
Comoros,KM,COM,174,Moderate food poverty,2012,44.5,Male,Units,%,Reanalysed,,Middle of fieldwork,6 to 23 months old
Comoros,KM,COM,174,Moderate food poverty,2022,51.5,Male,Units,%,Reanalysed,,Middle of fieldwork,6 to 23 months old
Comoros,KM,COM,174,Moderate food poverty,2012,47.3,Total,Units,%,Reanalysed,,Middle of fieldwork,6 to 23 months old
Comoros,KM,COM,174,Moderate food poverty,2022,49.0,Total,Units,%,Reanalysed,,Middle of fieldwork,6 to 23 months old
Congo,CG,COG,178,Moderate food poverty,2011,57.6,Female,Units,%,Reanalysed,,Middle of fieldwork,6 to 23 months old
Congo,CG,COG,178,Moderate food poverty,2014,47.5,Female,Units,%,Reanalysed,,Middle of fieldwork,6 to 23 months old
Congo,CG,COG,178,Moderate food poverty,2011,57.0,Male,Units,%,Reanalysed,,Middle of fieldwork,6 to 23 months old
Congo,CG,COG,178,Moderate food poverty,2014,55.4,Male,Units,%,Reanalysed,,Middle of fieldwork,6 to 23 months old
Congo,CG,COG,178,Moderate food poverty,2011,57.3,Total,Units,%,Reanalysed,,Middle of fieldwork,6 to 23 months old
Congo,CG,COG,178,Moderate food poverty,2014,51.5,Total,Units,%,Reanalysed,,Middle of fieldwork,6 to 23 months old
Costa Rica,CR,CRI,188,Moderate food poverty,2018,22.8,Female,Units,%,Reanalysed,,Middle of fieldwork,6 to 23 months old
Costa Rica,CR,CRI,188,Moderate food poverty,2018,19.8,Male,Units,%,Reanalysed,,Middle of fieldwork,6 to 23 months old
Costa Rica,CR,CRI,188,Moderate food poverty,2018,21.3,Total,Units,%,Reanalysed,,Middle of fieldwork,6 to 23 months old
Cuba,CU,CUB,192,Moderate food poverty,2014,25.0,Female,Units,%,Reanalysed,,Middle of fieldwork,6 to 23 months old
Cuba,CU,CUB,192,Moderate food poverty,2019,32.2,Female,Units,%,Reanalysed,,Middle of fieldwork,6 to 23 months old
Cuba,CU,CUB,192,Moderate food poverty,2014,27.7,Male,Units,%,Reanalysed,,Middle of fieldwork,6 to 23 months old
Cuba,CU,CUB,192,Moderate food poverty,2019,33.1,Male,Units,%,Reanalysed,,Middle of fieldwork,6 to 23 months old
Cuba,CU,CUB,192,Moderate food poverty,2014,26.4,Total,Units,%,Reanalysed,,Middle of fieldwork,6 to 23 months old
Cuba,CU,CUB,192,Moderate food poverty,2019,32.6,Total,Units,%,Reanalysed,,Middle of fieldwork,6 to 23 months old
Ivory Coast,CI,CIV,384,Moderate food poverty,2012,47.4,Female,Units,%,Reanalysed,,Middle of fieldwork,6 to 23 months old
Ivory Coast,CI,CIV,384,Moderate food poverty,2016,47.7,Female,Units,%,Reanalysed,,Middle of fieldwork,6 to 23 months old
Ivory Coast,CI,CIV,384,Moderate food poverty,2021,41.8,Female,Units,%,Reanalysed,,Middle of fieldwork,6 to 23 months old
Ivory Coast,CI,CIV,384,Moderate food poverty,2012,47.1,Male,Units,%,Reanalysed,,Middle of fieldwork,6 to 23 months old
Ivory Coast,CI,CIV,384,Moderate food poverty,2016,48.6,Male,Units,%,Reanalysed,,Middle of fieldwork,6 to 23 months old
Ivory Coast,CI,CIV,384,Moderate food poverty,2021,39.4,Male,Units,%,Reanalysed,,Middle of fieldwork,6 to 23 months old
Ivory Coast,CI,CIV,384,Moderate food poverty,2012,47.3,Total,Units,%,Reanalysed,,Middle of fieldwork,6 to 23 months old
Ivory Coast,CI,CIV,384,Moderate food poverty,2016,48.1,Total,Units,%,Reanalysed,,Middle of fieldwork,6 to 23 months old
Ivory Coast,CI,CIV,384,Moderate food poverty,2021,40.6,Total,Units,%,Reanalysed,,Middle of fieldwork,6 to 23 months old
"Congo, the Democratic Republic of the",CD,COD,180,Moderate food poverty,2013,53.5,Female,Units,%,Reanalysed,,Middle of fieldwork,6 to 23 months old
"Congo, the Democratic Republic of the",CD,COD,180,Moderate food poverty,2017,49.9,Female,Units,%,Reanalysed,,Middle of fieldwork,6 to 23 months old
"Congo, the Democratic Republic of the",CD,COD,180,Moderate food poverty,2013,51.9,Male,Units,%,Reanalysed,,Middle of fieldwork,6 to 23 months old
"Congo, the Democratic Republic of the",CD,COD,180,Moderate food poverty,2017,53.4,Male,Units,%,Reanalysed,,Middle of fieldwork,6 to 23 months old
"Congo, the Democratic Republic of the",CD,COD,180,Moderate food poverty,2013,52.7,Total,Units,%,Reanalysed,,Middle of fieldwork,6 to 23 months old
"Congo, the Democratic Republic of the",CD,COD,180,Moderate food poverty,2017,51.6,Total,Units,%,Reanalysed,,Middle of fieldwork,6 to 23 months old
Dominican Republic,DO,DOM,214,Moderate food poverty,2007,28.9,Female,Units,%,Reanalysed,,Middle of fieldwork,6 to 23 months old
Dominican Republic,DO,DOM,214,Moderate food poverty,2013,32.1,Female,Units,%,Reanalysed,,Middle of fieldwork,6 to 23 months old
Dominican Republic,DO,DOM,214,Moderate food poverty,2014,34.9,Female,Units,%,Reanalysed,,Middle of fieldwork,6 to 23 months old
Dominican Republic,DO,DOM,214,Moderate food poverty,2019,27.6,Female,Units,%,Reanalysed,,Middle of fieldwork,6 to 23 months old
Dominican Republic,DO,DOM,214,Moderate food poverty,2007,32.2,Male,Units,%,Reanalysed,,Middle of fieldwork,6 to 23 months old
Dominican Republic,DO,DOM,214,Moderate food poverty,2013,41.7,Male,Units,%,Reanalysed,,Middle of fieldwork,6 to 23 months old
Dominican Republic,DO,DOM,214,Moderate food poverty,2014,36.7,Male,Units,%,Reanalysed,,Middle of fieldwork,6 to 23 months old
Dominican Republic,DO,DOM,214,Moderate food poverty,2019,25.3,Male,Units,%,Reanalysed,,Middle of fieldwork,6 to 23 months old
Dominican Republic,DO,DOM,214,Moderate food poverty,2007,30.6,Total,Units,%,Reanalysed,,Middle of fieldwork,6 to 23 months old
Dominican Republic,DO,DOM,214,Moderate food poverty,2013,36.8,Total,Units,%,Reanalysed,,Middle of fieldwork,6 to 23 months old
Dominican Republic,DO,DOM,214,Moderate food poverty,2014,35.8,Total,Units,%,Reanalysed,,Middle of fieldwork,6 to 23 months old
Dominican Republic,DO,DOM,214,Moderate food poverty,2019,26.4,Total,Units,%,Reanalysed,,Middle of fieldwork,6 to 23 months old
Ecuador,EC,ECU,218,Moderate food poverty,2019,24.2,Female,Units,%,Reanalysed,,Middle of fieldwork,6 to 23 months old
Ecuador,EC,ECU,218,Moderate food poverty,2023,22.0,Female,Units,%,Reanalysed,,Middle of fieldwork,6 to 23 months old
Ecuador,EC,ECU,218,Moderate food poverty,2019,23.7,Male,Units,%,Reanalysed,,Middle of fieldwork,6 to 23 months old
Ecuador,EC,ECU,218,Moderate food poverty,2023,20.8,Male,Units,%,Reanalysed,,Middle of fieldwork,6 to 23 months old
Ecuador,EC,ECU,218,Moderate food poverty,2019,23.9,Total,Units,%,Reanalysed,,Middle of fieldwork,6 to 23 months old
Ecuador,EC,ECU,218,Moderate food poverty,2023,21.4,Total,Units,%,Reanalysed,,Middle of fieldwork,6 to 23 months old
Egypt,EG,EGY,818,Moderate food poverty,2005,30.0,Female,Units,%,Reanalysed,,Middle of fieldwork,6 to 23 months old
Egypt,EG,EGY,818,Moderate food poverty,2008,34.8,Female,Units,%,Reanalysed,,Middle of fieldwork,6 to 23 months old
Egypt,EG,EGY,818,Moderate food poverty,2014,38.6,Female,Units,%,Reanalysed,,Middle of fieldwork,6 to 23 months old
Egypt,EG,EGY,818,Moderate food poverty,2021,34.2,Female,Units,%,Reanalysed,,Middle of fieldwork,6 to 23 months old
Egypt,EG,EGY,818,Moderate food poverty,2005,25.0,Male,Units,%,Reanalysed,,Middle of fieldwork,6 to 23 months old
Egypt,EG,EGY,818,Moderate food poverty,2008,34.0,Male,Units,%,Reanalysed,,Middle of fieldwork,6 to 23 months old
Egypt,EG,EGY,818,Moderate food poverty,2014,39.2,Male,Units,%,Reanalysed,,Middle of fieldwork,6 to 23 months old
Egypt,EG,EGY,818,Moderate food poverty,2021,38.2,Male,Units,%,Reanalysed,,Middle of fieldwork,6 to 23 months old
Egypt,EG,EGY,818,Moderate food poverty,2005,27.4,Total,Units,%,Reanalysed,,Middle of fieldwork,6 to 23 months old
Egypt,EG,EGY,818,Moderate food poverty,2008,34.4,Total,Units,%,Reanalysed,,Middle of fieldwork,6 to 23 months old
Egypt,EG,EGY,818,Moderate food poverty,2014,38.9,Total,Units,%,Reanalysed,,Middle of fieldwork,6 to 23 months old
Egypt,EG,EGY,818,Moderate food poverty,2021,36.2,Total,Units,%,Reanalysed,,Middle of fieldwork,6 to 23 months old
El Salvador,SV,SLV,222,Moderate food poverty,2014,22.7,Female,Units,%,Reanalysed,,Middle of fieldwork,6 to 23 months old
El Salvador,SV,SLV,222,Moderate food poverty,2014,22.0,Male,Units,%,Reanalysed,,Middle of fieldwork,6 to 23 months old
El Salvador,SV,SLV,222,Moderate food poverty,2014,22.4,Total,Units,%,Reanalysed,,Middle of fieldwork,6 to 23 months old
Swaziland,SZ,SWZ,748,Moderate food poverty,2006,38.1,Female,Units,%,Reanalysed,,Middle of fieldwork,6 to 23 months old
Swaziland,SZ,SWZ,748,Moderate food poverty,2014,40.9,Female,Units,%,Reanalysed,,Middle of fieldwork,6 to 23 months old
Swaziland,SZ,SWZ,748,Moderate food poverty,2021,47.9,Female,Units,%,Reanalysed,,Middle of fieldwork,6 to 23 months old
Swaziland,SZ,SWZ,748,Moderate food poverty,2006,41.2,Male,Units,%,Reanalysed,,Middle of fieldwork,6 to 23 months old
Swaziland,SZ,SWZ,748,Moderate food poverty,2014,40.8,Male,Units,%,Reanalysed,,Middle of fieldwork,6 to 23 months old
Swaziland,SZ,SWZ,748,Moderate food poverty,2021,54.9,Male,Units,%,Reanalysed,,Middle of fieldwork,6 to 23 months old
Swaziland,SZ,SWZ,748,Moderate food poverty,2006,39.7,Total,Units,%,Reanalysed,,Middle of fieldwork,6 to 23 months old
Swaziland,SZ,SWZ,748,Moderate food poverty,2014,40.8,Total,Units,%,Reanalysed,,Middle of fieldwork,6 to 23 months old
Swaziland,SZ,SWZ,748,Moderate food poverty,2021,51.6,Total,Units,%,Reanalysed,,Middle of fieldwork,6 to 23 months old
Ethiopia,ET,ETH,231,Moderate food poverty,2005,48.5,Female,Units,%,Reanalysed,,Middle of fieldwork,6 to 23 months old
Ethiopia,ET,ETH,231,Moderate food poverty,2011,45.4,Female,Units,%,Reanalysed,,Middle of fieldwork,6 to 23 months old
Ethiopia,ET,ETH,231,Moderate food poverty,2016,39.4,Female,Units,%,Reanalysed,,Middle of fieldwork,6 to 23 months old
Ethiopia,ET,ETH,231,Moderate food poverty,2019,41.8,Female,Units,%,Reanalysed,,Middle of fieldwork,6 to 23 months old
Ethiopia,ET,ETH,231,Moderate food poverty,2005,48.6,Male,Units,%,Reanalysed,,Middle of fieldwork,6 to 23 months old
Ethiopia,ET,ETH,231,Moderate food poverty,2011,43.4,Male,Units,%,Reanalysed,,Middle of fieldwork,6 to 23 months old
Ethiopia,ET,ETH,231,Moderate food poverty,2016,39.7,Male,Units,%,Reanalysed,,Middle of fieldwork,6 to 23 months old
Ethiopia,ET,ETH,231,Moderate food poverty,2019,39.3,Male,Units,%,Reanalysed,,Middle of fieldwork,6 to 23 months old
Ethiopia,ET,ETH,231,Moderate food poverty,2005,48.6,Total,Units,%,Reanalysed,,Middle of fieldwork,6 to 23 months old
Ethiopia,ET,ETH,231,Moderate food poverty,2011,44.4,Total,Units,%,Reanalysed,,Middle of fieldwork,6 to 23 months old
Ethiopia,ET,ETH,231,Moderate food poverty,2016,39.5,Total,Units,%,Reanalysed,,Middle of fieldwork,6 to 23 months old
Ethiopia,ET,ETH,231,Moderate food poverty,2019,40.5,Total,Units,%,Reanalysed,,Middle of fieldwork,6 to 23 months old
Fiji,FJ,FJI,242,Moderate food poverty,2021,33.6,Female,Units,%,Reanalysed,,Middle of fieldwork,6 to 23 months old
Fiji,FJ,FJI,242,Moderate food poverty,2021,32.5,Male,Units,%,Reanalysed,,Middle of fieldwork,6 to 23 months old
Fiji,FJ,FJI,242,Moderate food poverty,2021,33.0,Total,Units,%,Reanalysed,,Middle of fieldwork,6 to 23 months old
Gabon,GA,GAB,266,Moderate food poverty,2012,47.6,Female,Units,%,Reanalysed,,Middle of fieldwork,6 to 23 months old
Gabon,GA,GAB,266,Moderate food poverty,2020,46.7,Female,Units,%,Reanalysed,,Middle of fieldwork,6 to 23 months old
Gabon,GA,GAB,266,Moderate food poverty,2012,47.1,Male,Units,%,Reanalysed,,Middle of fieldwork,6 to 23 months old
Gabon,GA,GAB,266,Moderate food poverty,2020,46.2,Male,Units,%,Reanalysed,,Middle of fieldwork,6 to 23 months old
Gabon,GA,GAB,266,Moderate food poverty,2012,47.3,Total,Units,%,Reanalysed,,Middle of fieldwork,6 to 23 months old
Gabon,GA,GAB,266,Moderate food poverty,2020,46.4,Total,Units,%,Reanalysed,,Middle of fieldwork,6 to 23 months old
Gambia,GM,GMB,270,Moderate food poverty,2013,40.7,Female,Units,%,Reanalysed,,Middle of fieldwork,6 to 23 months old
Gambia,GM,GMB,270,Moderate food poverty,2018,46.8,Female,Units,%,Reanalysed,,Middle of fieldwork,6 to 23 months old
Gambia,GM,GMB,270,Moderate food poverty,2020,45.0,Female,Units,%,Reanalysed,,Middle of fieldwork,6 to 23 months old
Gambia,GM,GMB,270,Moderate food poverty,2013,40.5,Male,Units,%,Reanalysed,,Middle of fieldwork,6 to 23 months old
Gambia,GM,GMB,270,Moderate food poverty,2018,47.6,Male,Units,%,Reanalysed,,Middle of fieldwork,6 to 23 months old
Gambia,GM,GMB,270,Moderate food poverty,2020,42.7,Male,Units,%,Reanalysed,,Middle of fieldwork,6 to 23 months old
Gambia,GM,GMB,270,Moderate food poverty,2013,40.6,Total,Units,%,Reanalysed,,Middle of fieldwork,6 to 23 months old
Gambia,GM,GMB,270,Moderate food poverty,2018,47.2,Total,Units,%,Reanalysed,,Middle of fieldwork,6 to 23 months old
Gambia,GM,GMB,270,Moderate food poverty,2020,43.8,Total,Units,%,Reanalysed,,Middle of fieldwork,6 to 23 months old
Georgia,GE,GEO,268,Moderate food poverty,2018,38.2,Female,Units,%,Reanalysed,,Middle of fieldwork,6 to 23 months old
Georgia,GE,GEO,268,Moderate food poverty,2018,41.5,Male,Units,%,Reanalysed,,Middle of fieldwork,6 to 23 months old
Georgia,GE,GEO,268,Moderate food poverty,2018,39.8,Total,Units,%,Reanalysed,,Middle of fieldwork,6 to 23 months old
Ghana,GH,GHA,288,Moderate food poverty,2008,38.5,Female,Units,%,Reanalysed,,Middle of fieldwork,6 to 23 months old
Ghana,GH,GHA,288,Moderate food poverty,2011,43.5,Female,Units,%,Reanalysed,,Middle of fieldwork,6 to 23 months old
Ghana,GH,GHA,288,Moderate food poverty,2014,43.0,Female,Units,%,Reanalysed,,Middle of fieldwork,6 to 23 months old
Ghana,GH,GHA,288,Moderate food poverty,2017,43.2,Female,Units,%,Reanalysed,,Middle of fieldwork,6 to 23 months old
Ghana,GH,GHA,288,Moderate food poverty,2022,37.2,Female,Units,%,Reanalysed,,Middle of fieldwork,6 to 23 months old
Ghana,GH,GHA,288,Moderate food poverty,2008,37.4,Male,Units,%,Reanalysed,,Middle of fieldwork,6 to 23 months old
Ghana,GH,GHA,288,Moderate food poverty,2011,44.1,Male,Units,%,Reanalysed,,Middle of fieldwork,6 to 23 months old
Ghana,GH,GHA,288,Moderate food poverty,2014,48.2,Male,Units,%,Reanalysed,,Middle of fieldwork,6 to 23 months old
Ghana,GH,GHA,288,Moderate food poverty,2017,41.9,Male,Units,%,Reanalysed,,Middle of fieldwork,6 to 23 months old
Ghana,GH,GHA,288,Moderate food poverty,2022,37.2,Male,Units,%,Reanalysed,,Middle of fieldwork,6 to 23 months old
Ghana,GH,GHA,288,Moderate food poverty,2008,38.0,Total,Units,%,Reanalysed,,Middle of fieldwork,6 to 23 months old
Ghana,GH,GHA,288,Moderate food poverty,2011,43.8,Total,Units,%,Reanalysed,,Middle of fieldwork,6 to 23 months old
Ghana,GH,GHA,288,Moderate food poverty,2014,45.7,Total,Units,%,Reanalysed,,Middle of fieldwork,6 to 23 months old
Ghana,GH,GHA,288,Moderate food poverty,2017,42.5,Total,Units,%,Reanalysed,,Middle of fieldwork,6 to 23 months old
Ghana,GH,GHA,288,Moderate food poverty,2022,37.2,Total,Units,%,Reanalysed,,Middle of fieldwork,6 to 23 months old
Guatemala,GT,GTM,320,Moderate food poverty,2015,31.9,Female,Units,%,Reanalysed,,Middle of fieldwork,6 to 23 months old
Guatemala,GT,GTM,320,Moderate food poverty,2015,30.8,Male,Units,%,Reanalysed,,Middle of fieldwork,6 to 23 months old
Guatemala,GT,GTM,320,Moderate food poverty,2015,31.3,Total,Units,%,Reanalysed,,Middle of fieldwork,6 to 23 months old
Guinea,GN,GIN,324,Moderate food poverty,2012,25.6,Female,Units,%,Reanalysed,,Middle of fieldwork,6 to 23 months old
Guinea,GN,GIN,324,Moderate food poverty,2016,36.5,Female,Units,%,Reanalysed,,Middle of fieldwork,6 to 23 months old
Guinea,GN,GIN,324,Moderate food poverty,2018,29.8,Female,Units,%,Reanalysed,,Middle of fieldwork,6 to 23 months old
Guinea,GN,GIN,324,Moderate food poverty,2012,24.1,Male,Units,%,Reanalysed,,Middle of fieldwork,6 to 23 months old
Guinea,GN,GIN,324,Moderate food poverty,2016,35.4,Male,Units,%,Reanalysed,,Middle of fieldwork,6 to 23 months old
Guinea,GN,GIN,324,Moderate food poverty,2018,33.8,Male,Units,%,Reanalysed,,Middle of fieldwork,6 to 23 months old
Guinea,GN,GIN,324,Moderate food poverty,2012,24.8,Total,Units,%,Reanalysed,,Middle of fieldwork,6 to 23 months old
Guinea,GN,GIN,324,Moderate food poverty,2016,35.9,Total,Units,%,Reanalysed,,Middle of fieldwork,6 to 23 months old
Guinea,GN,GIN,324,Moderate food poverty,2018,31.9,Total,Units,%,Reanalysed,,Middle of fieldwork,6 to 23 months old
Guinea-Bissau,GW,GNB,624,Moderate food poverty,2014,53.6,Female,Units,%,Reanalysed,,Middle of fieldwork,6 to 23 months old
Guinea-Bissau,GW,GNB,624,Moderate food poverty,2019,43.2,Female,Units,%,Reanalysed,,Middle of fieldwork,6 to 23 months old
Guinea-Bissau,GW,GNB,624,Moderate food poverty,2014,51.8,Male,Units,%,Reanalysed,,Middle of fieldwork,6 to 23 months old
Guinea-Bissau,GW,GNB,624,Moderate food poverty,2019,35.1,Male,Units,%,Reanalysed,,Middle of fieldwork,6 to 23 months old
Guinea-Bissau,GW,GNB,624,Moderate food poverty,2014,52.6,Total,Units,%,Reanalysed,,Middle of fieldwork,6 to 23 months old
Guinea-Bissau,GW,GNB,624,Moderate food poverty,2019,39.1,Total,Units,%,Reanalysed,,Middle of fieldwork,6 to 23 months old
Guyana,GY,GUY,328,Moderate food poverty,2009,37.9,Female,Units,%,Reanalysed,,Middle of fieldwork,6 to 23 months old
Guyana,GY,GUY,328,Moderate food poverty,2014,38.3,Female,Units,%,Reanalysed,,Middle of fieldwork,6 to 23 months old
Guyana,GY,GUY,328,Moderate food poverty,2019,37.4,Female,Units,%,Reanalysed,,Middle of fieldwork,6 to 23 months old
Guyana,GY,GUY,328,Moderate food poverty,2009,36.4,Male,Units,%,Reanalysed,,Middle of fieldwork,6 to 23 months old
Guyana,GY,GUY,328,Moderate food poverty,2014,33.8,Male,Units,%,Reanalysed,,Middle of fieldwork,6 to 23 months old
Guyana,GY,GUY,328,Moderate food poverty,2019,43.0,Male,Units,%,Reanalysed,,Middle of fieldwork,6 to 23 months old
Guyana,GY,GUY,328,Moderate food poverty,2009,37.2,Total,Units,%,Reanalysed,,Middle of fieldwork,6 to 23 months old
Guyana,GY,GUY,328,Moderate food poverty,2014,36.1,Total,Units,%,Reanalysed,,Middle of fieldwork,6 to 23 months old
Guyana,GY,GUY,328,Moderate food poverty,2019,40.2,Total,Units,%,Reanalysed,,Middle of fieldwork,6 to 23 months old
Haiti,HT,HTI,332,Moderate food poverty,2006,54.1,Female,Units,%,Reanalysed,,Middle of fieldwork,6 to 23 months old
Haiti,HT,HTI,332,Moderate food poverty,2012,52.1,Female,Units,%,Reanalysed,,Middle of fieldwork,6 to 23 months old
Haiti,HT,HTI,332,Moderate food poverty,2017,52.5,Female,Units,%,Reanalysed,,Middle of fieldwork,6 to 23 months old
Haiti,HT,HTI,332,Moderate food poverty,2006,50.7,Male,Units,%,Reanalysed,,Middle of fieldwork,6 to 23 months old
Haiti,HT,HTI,332,Moderate food poverty,2012,51.6,Male,Units,%,Reanalysed,,Middle of fieldwork,6 to 23 months old
Haiti,HT,HTI,332,Moderate food poverty,2017,46.0,Male,Units,%,Reanalysed,,Middle of fieldwork,6 to 23 months old
Haiti,HT,HTI,332,Moderate food poverty,2006,52.4,Total,Units,%,Reanalysed,,Middle of fieldwork,6 to 23 months old
Haiti,HT,HTI,332,Moderate food poverty,2012,51.9,Total,Units,%,Reanalysed,,Middle of fieldwork,6 to 23 months old
Haiti,HT,HTI,332,Moderate food poverty,2017,49.2,Total,Units,%,Reanalysed,,Middle of fieldwork,6 to 23 months old
Honduras,HN,HND,340,Moderate food poverty,2006,31.8,Female,Units,%,Reanalysed,,Middle of fieldwork,6 to 23 months old
Honduras,HN,HND,340,Moderate food poverty,2012,32.2,Female,Units,%,Reanalysed,,Middle of fieldwork,6 to 23 months old
Honduras,HN,HND,340,Moderate food poverty,2019,32.8,Female,Units,%,Reanalysed,,Middle of fieldwork,6 to 23 months old
Honduras,HN,HND,340,Moderate food poverty,2006,31.3,Male,Units,%,Reanalysed,,Middle of fieldwork,6 to 23 months old
Honduras,HN,HND,340,Moderate food poverty,2012,31.2,Male,Units,%,Reanalysed,,Middle of fieldwork,6 to 23 months old
Honduras,HN,HND,340,Moderate food poverty,2019,32.6,Male,Units,%,Reanalysed,,Middle of fieldwork,6 to 23 months old
Honduras,HN,HND,340,Moderate food poverty,2006,31.5,Total,Units,%,Reanalysed,,Middle of fieldwork,6 to 23 months old
Honduras,HN,HND,340,Moderate food poverty,2012,31.7,Total,Units,%,Reanalysed,,Middle of fieldwork,6 to 23 months old
Honduras,HN,HND,340,Moderate food poverty,2019,32.7,Total,Units,%,Reanalysed,,Middle of fieldwork,6 to 23 months old
India,IN,IND,356,Moderate food poverty,2006,48.0,Female,Units,%,Reanalysed,,Middle of fieldwork,6 to 23 months old
India,IN,IND,356,Moderate food poverty,2015,37.4,Female,Units,%,Reanalysed,,Middle of fieldwork,6 to 23 months old
India,IN,IND,356,Moderate food poverty,2020,35.7,Female,Units,%,Reanalysed,,Middle of fieldwork,6 to 23 months old
India,IN,IND,356,Moderate food poverty,2006,50.1,Male,Units,%,Reanalysed,,Middle of fieldwork,6 to 23 months old
India,IN,IND,356,Moderate food poverty,2015,37.9,Male,Units,%,Reanalysed,,Middle of fieldwork,6 to 23 months old
India,IN,IND,356,Moderate food poverty,2020,36.6,Male,Units,%,Reanalysed,,Middle of fieldwork,6 to 23 months old
India,IN,IND,356,Moderate food poverty,2006,49.1,Total,Units,%,Reanalysed,,Middle of fieldwork,6 to 23 months old
India,IN,IND,356,Moderate food poverty,2015,37.7,Total,Units,%,Reanalysed,,Middle of fieldwork,6 to 23 months old
India,IN,IND,356,Moderate food poverty,2020,36.2,Total,Units,%,Reanalysed,,Middle of fieldwork,6 to 23 months old
Indonesia,ID,IDN,360,Moderate food poverty,2012,32.6,Female,Units,%,Reanalysed,,Middle of fieldwork,6 to 23 months old
Indonesia,ID,IDN,360,Moderate food poverty,2017,33.2,Female,Units,%,Reanalysed,,Middle of fieldwork,6 to 23 months old
Indonesia,ID,IDN,360,Moderate food poverty,2012,33.6,Male,Units,%,Reanalysed,,Middle of fieldwork,6 to 23 months old
Indonesia,ID,IDN,360,Moderate food poverty,2017,34.6,Male,Units,%,Reanalysed,,Middle of fieldwork,6 to 23 months old
Indonesia,ID,IDN,360,Moderate food poverty,2012,33.2,Total,Units,%,Reanalysed,,Middle of fieldwork,6 to 23 months old
Indonesia,ID,IDN,360,Moderate food poverty,2017,33.9,Total,Units,%,Reanalysed,,Middle of fieldwork,6 to 23 months old
Iraq,IQ,IRQ,368,Moderate food poverty,2018,42.1,Female,Units,%,Reanalysed,,Middle of fieldwork,6 to 23 months old
Iraq,IQ,IRQ,368,Moderate food poverty,2018,40.1,Male,Units,%,Reanalysed,,Middle of fieldwork,6 to 23 months old
Iraq,IQ,IRQ,368,Moderate food poverty,2018,41.1,Total,Units,%,Reanalysed,,Middle of fieldwork,6 to 23 months old
Jamaica,JM,JAM,388,Moderate food poverty,2022,37.4,Female,Units,%,Reanalysed,,Middle of fieldwork,6 to 23 months old
Jamaica,JM,JAM,388,Moderate food poverty,2022,41.2,Male,Units,%,Reanalysed,,Middle of fieldwork,6 to 23 months old
Jamaica,JM,JAM,388,Moderate food poverty,2022,39.4,Total,Units,%,Reanalysed,,Middle of fieldwork,6 to 23 months old
Jordan,JO,JOR,400,Moderate food poverty,2007,21.5,Female,Units,%,Reanalysed,,Middle of fieldwork,6 to 23 months old
Jordan,JO,JOR,400,Moderate food poverty,2012,47.2,Female,Units,%,Reanalysed,,Middle of fieldwork,6 to 23 months old
Jordan,JO,JOR,400,Moderate food poverty,2017,40.8,Female,Units,%,Reanalysed,,Middle of fieldwork,6 to 23 months old
Jordan,JO,JOR,400,Moderate food poverty,2019,45.2,Female,Units,%,Reanalysed,,Middle of fieldwork,6 to 23 months old
Jordan,JO,JOR,400,Moderate food poverty,2023,40.1,Female,Units,%,Reanalysed,,Middle of fieldwork,6 to 23 months old
Jordan,JO,JOR,400,Moderate food poverty,2007,21.9,Male,Units,%,Reanalysed,,Middle of fieldwork,6 to 23 months old
Jordan,JO,JOR,400,Moderate food poverty,2012,47.1,Male,Units,%,Reanalysed,,Middle of fieldwork,6 to 23 months old
Jordan,JO,JOR,400,Moderate food poverty,2017,43.6,Male,Units,%,Reanalysed,,Middle of fieldwork,6 to 23 months old
Jordan,JO,JOR,400,Moderate food poverty,2019,39.6,Male,Units,%,Reanalysed,,Middle of fieldwork,6 to 23 months old
Jordan,JO,JOR,400,Moderate food poverty,2023,36.2,Male,Units,%,Reanalysed,,Middle of fieldwork,6 to 23 months old
Jordan,JO,JOR,400,Moderate food poverty,2007,21.7,Total,Units,%,Reanalysed,,Middle of fieldwork,6 to 23 months old
Jordan,JO,JOR,400,Moderate food poverty,2012,47.2,Total,Units,%,Reanalysed,,Middle of fieldwork,6 to 23 months old
Jordan,JO,JOR,400,Moderate food poverty,2017,42.3,Total,Units,%,Reanalysed,,Middle of fieldwork,6 to 23 months old
Jordan,JO,JOR,400,Moderate food poverty,2019,42.5,Total,Units,%,Reanalysed,,Middle of fieldwork,6 to 23 months old
Jordan,JO,JOR,400,Moderate food poverty,2023,37.9,Total,Units,%,Reanalysed,,Middle of fieldwork,6 to 23 months old
Kazakhstan,KZ,KAZ,398,Moderate food poverty,2015,39.5,Female,Units,%,Reanalysed,,Middle of fieldwork,6 to 23 months old
Kazakhstan,KZ,KAZ,398,Moderate food poverty,2015,39.5,Male,Units,%,Reanalysed,,Middle of fieldwork,6 to 23 months old
Kazakhstan,KZ,KAZ,398,Moderate food poverty,2015,39.5,Total,Units,%,Reanalysed,,Middle of fieldwork,6 to 23 months old
Kenya,KE,KEN,404,Moderate food poverty,2014,44.5,Female,Units,%,Reanalysed,,Middle of fieldwork,6 to 23 months old
Kenya,KE,KEN,404,Moderate food poverty,2022,48.1,Female,Units,%,Reanalysed,,Middle of fieldwork,6 to 23 months old
Kenya,KE,KEN,404,Moderate food poverty,2014,45.0,Male,Units,%,Reanalysed,,Middle of fieldwork,6 to 23 months old
Kenya,KE,KEN,404,Moderate food poverty,2022,45.6,Male,Units,%,Reanalysed,,Middle of fieldwork,6 to 23 months old
Kenya,KE,KEN,404,Moderate food poverty,2014,44.8,Total,Units,%,Reanalysed,,Middle of fieldwork,6 to 23 months old
Kenya,KE,KEN,404,Moderate food poverty,2022,46.9,Total,Units,%,Reanalysed,,Middle of fieldwork,6 to 23 months old
Kiribati,KI,KIR,296,Moderate food poverty,2009,52.1,Female,Units,%,Reanalysed,,Middle of fieldwork,6 to 23 months old
Kiribati,KI,KIR,296,Moderate food poverty,2018,57.8,Female,Units,%,Reanalysed,,Middle of fieldwork,6 to 23 months old
Kiribati,KI,KIR,296,Moderate food poverty,2009,54.1,Male,Units,%,Reanalysed,,Middle of fieldwork,6 to 23 months old
Kiribati,KI,KIR,296,Moderate food poverty,2018,54.9,Male,Units,%,Reanalysed,,Middle of fieldwork,6 to 23 months old
Kiribati,KI,KIR,296,Moderate food poverty,2009,53.2,Total,Units,%,Reanalysed,,Middle of fieldwork,6 to 23 months old
Kiribati,KI,KIR,296,Moderate food poverty,2018,56.2,Total,Units,%,Reanalysed,,Middle of fieldwork,6 to 23 months old
Kyrgyzstan,KG,KGZ,417,Moderate food poverty,2012,37.8,Female,Units,%,Reanalysed,,Middle of fieldwork,6 to 23 months old
Kyrgyzstan,KG,KGZ,417,Moderate food poverty,2014,47.7,Female,Units,%,Reanalysed,,Middle of fieldwork,6 to 23 months old
Kyrgyzstan,KG,KGZ,417,Moderate food poverty,2018,29.8,Female,Units,%,Reanalysed,,Middle of fieldwork,6 to 23 months old
Kyrgyzstan,KG,KGZ,417,Moderate food poverty,2021,37.2,Female,Units,%,Reanalysed,,Middle of fieldwork,6 to 23 months old
Kyrgyzstan,KG,KGZ,417,Moderate food poverty,2023,24.9,Female,Units,%,Reanalysed,,Middle of fieldwork,6 to 23 months old
Kyrgyzstan,KG,KGZ,417,Moderate food poverty,2012,36.1,Male,Units,%,Reanalysed,,Middle of fieldwork,6 to 23 months old
Kyrgyzstan,KG,KGZ,417,Moderate food poverty,2014,49.0,Male,Units,%,Reanalysed,,Middle of fieldwork,6 to 23 months old
Kyrgyzstan,KG,KGZ,417,Moderate food poverty,2018,32.6,Male,Units,%,Reanalysed,,Middle of fieldwork,6 to 23 months old
Kyrgyzstan,KG,KGZ,417,Moderate food poverty,2021,33.4,Male,Units,%,Reanalysed,,Middle of fieldwork,6 to 23 months old
Kyrgyzstan,KG,KGZ,417,Moderate food poverty,2023,25.7,Male,Units,%,Reanalysed,,Middle of fieldwork,6 to 23 months old
Kyrgyzstan,KG,KGZ,417,Moderate food poverty,2012,36.9,Total,Units,%,Reanalysed,,Middle of fieldwork,6 to 23 months old
Kyrgyzstan,KG,KGZ,417,Moderate food poverty,2014,48.4,Total,Units,%,Reanalysed,,Middle of fieldwork,6 to 23 months old
Kyrgyzstan,KG,KGZ,417,Moderate food poverty,2018,31.3,Total,Units,%,Reanalysed,,Middle of fieldwork,6 to 23 months old
Kyrgyzstan,KG,KGZ,417,Moderate food poverty,2021,35.2,Total,Units,%,Reanalysed,,Middle of fieldwork,6 to 23 months old
Kyrgyzstan,KG,KGZ,417,Moderate food poverty,2023,25.3,Total,Units,%,Reanalysed,,Middle of fieldwork,6 to 23 months old
Lao People's Democratic Republic,LA,LAO,418,Moderate food poverty,2017,43.0,Female,Units,%,Reanalysed,,Middle of fieldwork,6 to 23 months old
Lao People's Democratic Republic,LA,LAO,418,Moderate food poverty,2017,43.0,Male,Units,%,Reanalysed,,Middle of fieldwork,6 to 23 months old
Lao People's Democratic Republic,LA,LAO,418,Moderate food poverty,2017,43.0,Total,Units,%,Reanalysed,,Middle of fieldwork,6 to 23 months old
Lebanon,LB,LBN,422,Moderate food poverty,2021,56.2,Female,Units,%,Reanalysed,,Middle of fieldwork,6 to 23 months old
Lebanon,LB,LBN,422,Moderate food poverty,2023,52.3,Female,Units,%,Reported,,Middle of fieldwork,6 to 23 months old
Lebanon,LB,LBN,422,Moderate food poverty,2021,56.4,Male,Units,%,Reanalysed,,Middle of fieldwork,6 to 23 months old
Lebanon,LB,LBN,422,Moderate food poverty,2023,36.0,Male,Units,%,Reported,,Middle of fieldwork,6 to 23 months old
Lebanon,LB,LBN,422,Moderate food poverty,2021,56.3,Total,Units,%,Reanalysed,,Middle of fieldwork,6 to 23 months old
Lebanon,LB,LBN,422,Moderate food poverty,2023,44.0,Total,Units,%,Reported,,Middle of fieldwork,6 to 23 months old
Lesotho,LS,LSO,426,Moderate food poverty,2009,45.2,Female,Units,%,Reanalysed,,Middle of fieldwork,6 to 23 months old
Lesotho,LS,LSO,426,Moderate food poverty,2014,46.5,Female,Units,%,Reanalysed,,Middle of fieldwork,6 to 23 months old
Lesotho,LS,LSO,426,Moderate food poverty,2018,57.3,Female,Units,%,Reanalysed,,Middle of fieldwork,6 to 23 months old
Lesotho,LS,LSO,426,Moderate food poverty,2024,53.8,Female,Units,%,Reanalysed,,Middle of fieldwork,6 to 23 months old
Lesotho,LS,LSO,426,Moderate food poverty,2009,41.9,Male,Units,%,Reanalysed,,Middle of fieldwork,6 to 23 months old
Lesotho,LS,LSO,426,Moderate food poverty,2014,45.3,Male,Units,%,Reanalysed,,Middle of fieldwork,6 to 23 months old
Lesotho,LS,LSO,426,Moderate food poverty,2018,53.3,Male,Units,%,Reanalysed,,Middle of fieldwork,6 to 23 months old
Lesotho,LS,LSO,426,Moderate food poverty,2024,53.6,Male,Units,%,Reanalysed,,Middle of fieldwork,6 to 23 months old
Lesotho,LS,LSO,426,Moderate food poverty,2009,43.6,Total,Units,%,Reanalysed,,Middle of fieldwork,6 to 23 months old
Lesotho,LS,LSO,426,Moderate food poverty,2014,45.9,Total,Units,%,Reanalysed,,Middle of fieldwork,6 to 23 months old
Lesotho,LS,LSO,426,Moderate food poverty,2018,55.2,Total,Units,%,Reanalysed,,Middle of fieldwork,6 to 23 months old
Lesotho,LS,LSO,426,Moderate food poverty,2024,53.7,Total,Units,%,Reanalysed,,Middle of fieldwork,6 to 23 months old
Liberia,LR,LBR,430,Moderate food poverty,2007,46.5,Female,Units,%,Reanalysed,,Middle of fieldwork,6 to 23 months old
Liberia,LR,LBR,430,Moderate food poverty,2013,57.2,Female,Units,%,Reanalysed,,Middle of fieldwork,6 to 23 months old
Liberia,LR,LBR,430,Moderate food poverty,2019,48.8,Female,Units,%,Reanalysed,,Middle of fieldwork,6 to 23 months old
Liberia,LR,LBR,430,Moderate food poverty,2007,48.3,Male,Units,%,Reanalysed,,Middle of fieldwork,6 to 23 months old
Liberia,LR,LBR,430,Moderate food poverty,2013,52.2,Male,Units,%,Reanalysed,,Middle of fieldwork,6 to 23 months old
Liberia,LR,LBR,430,Moderate food poverty,2019,48.9,Male,Units,%,Reanalysed,,Middle of fieldwork,6 to 23 months old
Liberia,LR,LBR,430,Moderate food poverty,2007,47.5,Total,Units,%,Reanalysed,,Middle of fieldwork,6 to 23 months old
Liberia,LR,LBR,430,Moderate food poverty,2013,54.6,Total,Units,%,Reanalysed,,Middle of fieldwork,6 to 23 months old
Liberia,LR,LBR,430,Moderate food poverty,2019,48.9,Total,Units,%,Reanalysed,,Middle of fieldwork,6 to 23 months old
Madagascar,MG,MDG,450,Moderate food poverty,2009,60.0,Female,Units,%,Reanalysed,,Middle of fieldwork,6 to 23 months old
Madagascar,MG,MDG,450,Moderate food poverty,2018,55.1,Female,Units,%,Reanalysed,,Middle of fieldwork,6 to 23 months old
Madagascar,MG,MDG,450,Moderate food poverty,2021,49.5,Female,Units,%,Reanalysed,,Middle of fieldwork,6 to 23 months old
Madagascar,MG,MDG,450,Moderate food poverty,2009,62.4,Male,Units,%,Reanalysed,,Middle of fieldwork,6 to 23 months old
Madagascar,MG,MDG,450,Moderate food poverty,2018,53.6,Male,Units,%,Reanalysed,,Middle of fieldwork,6 to 23 months old
Madagascar,MG,MDG,450,Moderate food poverty,2021,49.7,Male,Units,%,Reanalysed,,Middle of fieldwork,6 to 23 months old
Madagascar,MG,MDG,450,Moderate food poverty,2009,61.2,Total,Units,%,Reanalysed,,Middle of fieldwork,6 to 23 months old
Madagascar,MG,MDG,450,Moderate food poverty,2018,54.3,Total,Units,%,Reanalysed,,Middle of fieldwork,6 to 23 months old
Madagascar,MG,MDG,450,Moderate food poverty,2021,49.6,Total,Units,%,Reanalysed,,Middle of fieldwork,6 to 23 months old
Malawi,MW,MWI,454,Moderate food poverty,2010,52.2,Female,Units,%,Reanalysed,,Middle of fieldwork,6 to 23 months old
Malawi,MW,MWI,454,Moderate food poverty,2014,58.8,Female,Units,%,Reanalysed,,Middle of fieldwork,6 to 23 months old
Malawi,MW,MWI,454,Moderate food poverty,2015,47.2,Female,Units,%,Reanalysed,,Middle of fieldwork,6 to 23 months old
Malawi,MW,MWI,454,Moderate food poverty,2020,56.7,Female,Units,%,Reanalysed,,Middle of fieldwork,6 to 23 months old
Malawi,MW,MWI,454,Moderate food poverty,2010,51.6,Male,Units,%,Reanalysed,,Middle of fieldwork,6 to 23 months old
Malawi,MW,MWI,454,Moderate food poverty,2014,55.6,Male,Units,%,Reanalysed,,Middle of fieldwork,6 to 23 months old
Malawi,MW,MWI,454,Moderate food poverty,2015,48.9,Male,Units,%,Reanalysed,,Middle of fieldwork,6 to 23 months old
Malawi,MW,MWI,454,Moderate food poverty,2020,57.6,Male,Units,%,Reanalysed,,Middle of fieldwork,6 to 23 months old
Malawi,MW,MWI,454,Moderate food poverty,2010,51.9,Total,Units,%,Reanalysed,,Middle of fieldwork,6 to 23 months old
Malawi,MW,MWI,454,Moderate food poverty,2014,57.2,Total,Units,%,Reanalysed,,Middle of fieldwork,6 to 23 months old
Malawi,MW,MWI,454,Moderate food poverty,2015,48.1,Total,Units,%,Reanalysed,,Middle of fieldwork,6 to 23 months old
Malawi,MW,MWI,454,Moderate food poverty,2020,57.2,Total,Units,%,Reanalysed,,Middle of fieldwork,6 to 23 months old
Maldives,MV,MDV,462,Moderate food poverty,2009,39.7,Female,Units,%,Reanalysed,,Middle of fieldwork,6 to 23 months old
Maldives,MV,MDV,462,Moderate food poverty,2017,23.7,Female,Units,%,Reanalysed,,Middle of fieldwork,6 to 23 months old
Maldives,MV,MDV,462,Moderate food poverty,2009,38.3,Male,Units,%,Reanalysed,,Middle of fieldwork,6 to 23 months old
Maldives,MV,MDV,462,Moderate food poverty,2017,22.3,Male,Units,%,Reanalysed,,Middle of fieldwork,6 to 23 months old
Maldives,MV,MDV,462,Moderate food poverty,2009,39.0,Total,Units,%,Reanalysed,,Middle of fieldwork,6 to 23 months old
Maldives,MV,MDV,462,Moderate food poverty,2017,23.0,Total,Units,%,Reanalysed,,Middle of fieldwork,6 to 23 months old
Mali,ML,MLI,466,Moderate food poverty,2010,36.1,Female,Units,%,Reanalysed,,Middle of fieldwork,6 to 23 months old
Mali,ML,MLI,466,Moderate food poverty,2015,44.3,Female,Units,%,Reanalysed,,Middle of fieldwork,6 to 23 months old
Mali,ML,MLI,466,Moderate food poverty,2018,38.5,Female,Units,%,Reanalysed,,Middle of fieldwork,6 to 23 months old
Mali,ML,MLI,466,Moderate food poverty,2019,44.9,Female,Units,%,Reanalysed,,Middle of fieldwork,6 to 23 months old
Mali,ML,MLI,466,Moderate food poverty,2020,45.6,Female,Units,%,Reanalysed,,Middle of fieldwork,6 to 23 months old
Mali,ML,MLI,466,Moderate food poverty,2021,42.5,Female,Units,%,Reanalysed,,Middle of fieldwork,6 to 23 months old
Mali,ML,MLI,466,Moderate food poverty,2010,36.7,Male,Units,%,Reanalysed,,Middle of fieldwork,6 to 23 months old
Mali,ML,MLI,466,Moderate food poverty,2015,42.4,Male,Units,%,Reanalysed,,Middle of fieldwork,6 to 23 months old
Mali,ML,MLI,466,Moderate food poverty,2018,36.0,Male,Units,%,Reanalysed,,Middle of fieldwork,6 to 23 months old
Mali,ML,MLI,466,Moderate food poverty,2019,45.7,Male,Units,%,Reanalysed,,Middle of fieldwork,6 to 23 months old
Mali,ML,MLI,466,Moderate food poverty,2020,45.4,Male,Units,%,Reanalysed,,Middle of fieldwork,6 to 23 months old
Mali,ML,MLI,466,Moderate food poverty,2021,45.4,Male,Units,%,Reanalysed,,Middle of fieldwork,6 to 23 months old
Mali,ML,MLI,466,Moderate food poverty,2010,36.4,Total,Units,%,Reanalysed,,Middle of fieldwork,6 to 23 months old
Mali,ML,MLI,466,Moderate food poverty,2015,43.4,Total,Units,%,Reanalysed,,Middle of fieldwork,6 to 23 months old
Mali,ML,MLI,466,Moderate food poverty,2018,37.2,Total,Units,%,Reanalysed,,Middle of fieldwork,6 to 23 months old
Mali,ML,MLI,466,Moderate food poverty,2019,45.4,Total,Units,%,Reanalysed,,Middle of fieldwork,6 to 23 months old
Mali,ML,MLI,466,Moderate food poverty,2020,45.5,Total,Units,%,Reanalysed,,Middle of fieldwork,6 to 23 months old
Mali,ML,MLI,466,Moderate food poverty,2021,44.0,Total,Units,%,Reanalysed,,Middle of fieldwork,6 to 23 months old
Marshall Islands,MH,MHL,584,Moderate food poverty,2017,39.2,Female,Units,%,Reanalysed,,Middle of fieldwork,6 to 23 months old
Marshall Islands,MH,MHL,584,Moderate food poverty,2017,34.1,Male,Units,%,Reanalysed,,Middle of fieldwork,6 to 23 months old
Marshall Islands,MH,MHL,584,Moderate food poverty,2017,36.4,Total,Units,%,Reanalysed,,Middle of fieldwork,6 to 23 months old
Mauritania,MR,MRT,478,Moderate food poverty,2015,45.6,Female,Units,%,Reanalysed,,Middle of fieldwork,6 to 23 months old
Mauritania,MR,MRT,478,Moderate food poverty,2020,42.4,Female,Units,%,Reanalysed,,Middle of fieldwork,6 to 23 months old
Mauritania,MR,MRT,478,Moderate food poverty,2015,45.5,Male,Units,%,Reanalysed,,Middle of fieldwork,6 to 23 months old
Mauritania,MR,MRT,478,Moderate food poverty,2020,41.2,Male,Units,%,Reanalysed,,Middle of fieldwork,6 to 23 months old
Mauritania,MR,MRT,478,Moderate food poverty,2015,45.6,Total,Units,%,Reanalysed,,Middle of fieldwork,6 to 23 months old
Mauritania,MR,MRT,478,Moderate food poverty,2020,41.8,Total,Units,%,Reanalysed,,Middle of fieldwork,6 to 23 months old
Mexico,MX,MEX,484,Moderate food poverty,2015,27.5,Female,Units,%,Reanalysed,,Middle of fieldwork,6 to 23 months old
Mexico,MX,MEX,484,Moderate food poverty,2015,36.5,Male,Units,%,Reanalysed,,Middle of fieldwork,6 to 23 months old
Mexico,MX,MEX,484,Moderate food poverty,2015,31.8,Total,Units,%,Reanalysed,,Middle of fieldwork,6 to 23 months old
Mongolia,MN,MNG,496,Moderate food poverty,2013,49.9,Female,Units,%,Reanalysed,,Middle of fieldwork,6 to 23 months old
Mongolia,MN,MNG,496,Moderate food poverty,2016,50.8,Female,Units,%,Reanalysed,,Middle of fieldwork,6 to 23 months old
Mongolia,MN,MNG,496,Moderate food poverty,2018,50.8,Female,Units,%,Reanalysed,,Middle of fieldwork,6 to 23 months old
Mongolia,MN,MNG,496,Moderate food poverty,2013,46.7,Male,Units,%,Reanalysed,,Middle of fieldwork,6 to 23 months old
Mongolia,MN,MNG,496,Moderate food poverty,2016,54.4,Male,Units,%,Reanalysed,,Middle of fieldwork,6 to 23 months old
Mongolia,MN,MNG,496,Moderate food poverty,2018,51.3,Male,Units,%,Reanalysed,,Middle of fieldwork,6 to 23 months old
Mongolia,MN,MNG,496,Moderate food poverty,2013,48.2,Total,Units,%,Reanalysed,,Middle of fieldwork,6 to 23 months old
Mongolia,MN,MNG,496,Moderate food poverty,2016,52.6,Total,Units,%,Reanalysed,,Middle of fieldwork,6 to 23 months old
Mongolia,MN,MNG,496,Moderate food poverty,2018,51.1,Total,Units,%,Reanalysed,,Middle of fieldwork,6 to 23 months old
Montenegro,ME,MNE,499,Moderate food poverty,2013,24.2,Female,Units,%,Reanalysed,,Middle of fieldwork,6 to 23 months old
Montenegro,ME,MNE,499,Moderate food poverty,2018,26.4,Female,Units,%,Reanalysed,,Middle of fieldwork,6 to 23 months old
Montenegro,ME,MNE,499,Moderate food poverty,2013,28.7,Male,Units,%,Reanalysed,,Middle of fieldwork,6 to 23 months old
Montenegro,ME,MNE,499,Moderate food poverty,2018,25.8,Male,Units,%,Reanalysed,,Middle of fieldwork,6 to 23 months old
Montenegro,ME,MNE,499,Moderate food poverty,2013,26.5,Total,Units,%,Reanalysed,,Middle of fieldwork,6 to 23 months old
Montenegro,ME,MNE,499,Moderate food poverty,2018,26.1,Total,Units,%,Reanalysed,,Middle of fieldwork,6 to 23 months old
Mozambique,MZ,MOZ,508,Moderate food poverty,2011,41.0,Female,Units,%,Reanalysed,,Middle of fieldwork,6 to 23 months old
Mozambique,MZ,MOZ,508,Moderate food poverty,2022,54.6,Female,Units,%,Reanalysed,,Middle of fieldwork,6 to 23 months old
Mozambique,MZ,MOZ,508,Moderate food poverty,2011,44.9,Male,Units,%,Reanalysed,,Middle of fieldwork,6 to 23 months old
Mozambique,MZ,MOZ,508,Moderate food poverty,2022,54.7,Male,Units,%,Reanalysed,,Middle of fieldwork,6 to 23 months old
Mozambique,MZ,MOZ,508,Moderate food poverty,2011,42.9,Total,Units,%,Reanalysed,,Middle of fieldwork,6 to 23 months old
Mozambique,MZ,MOZ,508,Moderate food poverty,2022,54.7,Total,Units,%,Reanalysed,,Middle of fieldwork,6 to 23 months old
Myanmar,MM,MMR,104,Moderate food poverty,2016,45.6,Female,Units,%,Reanalysed,,Middle of fieldwork,6 to 23 months old
Myanmar,MM,MMR,104,Moderate food poverty,2016,42.9,Male,Units,%,Reanalysed,,Middle of fieldwork,6 to 23 months old
Myanmar,MM,MMR,104,Moderate food poverty,2016,44.2,Total,Units,%,Reanalysed,,Middle of fieldwork,6 to 23 months old
Namibia,,NAM,516,Moderate food poverty,2007,45.8,Female,Units,%,Reanalysed,,Middle of fieldwork,6 to 23 months old
Namibia,,NAM,516,Moderate food poverty,2013,31.8,Female,Units,%,Reanalysed,,Middle of fieldwork,6 to 23 months old
Namibia,,NAM,516,Moderate food poverty,2007,41.6,Male,Units,%,Reanalysed,,Middle of fieldwork,6 to 23 months old
Namibia,,NAM,516,Moderate food poverty,2013,37.7,Male,Units,%,Reanalysed,,Middle of fieldwork,6 to 23 months old
Namibia,,NAM,516,Moderate food poverty,2007,43.6,Total,Units,%,Reanalysed,,Middle of fieldwork,6 to 23 months old
Namibia,,NAM,516,Moderate food poverty,2013,34.6,Total,Units,%,Reanalysed,,Middle of fieldwork,6 to 23 months old
Nauru,NR,NRU,520,Moderate food poverty,2023,41.7,Female,Units,%,Low reliability,,Middle of fieldwork,6 to 23 months old
Nauru,NR,NRU,520,Moderate food poverty,2023,35.8,Male,Units,%,Reanalysed,,Middle of fieldwork,6 to 23 months old
Nauru,NR,NRU,520,Moderate food poverty,2023,38.3,Total,Units,%,Reanalysed,,Middle of fieldwork,6 to 23 months old
Nepal,NP,NPL,524,Moderate food poverty,2006,52.7,Female,Units,%,Reanalysed,,Middle of fieldwork,6 to 23 months old
Nepal,NP,NPL,524,Moderate food poverty,2011,52.4,Female,Units,%,Reanalysed,,Middle of fieldwork,6 to 23 months old
Nepal,NP,NPL,524,Moderate food poverty,2014,44.5,Female,Units,%,Reanalysed,,Middle of fieldwork,6 to 23 months old
Nepal,NP,NPL,524,Moderate food poverty,2016,44.5,Female,Units,%,Reanalysed,,Middle of fieldwork,6 to 23 months old
Nepal,NP,NPL,524,Moderate food poverty,2019,42.7,Female,Units,%,Reanalysed,,Middle of fieldwork,6 to 23 months old
Nepal,NP,NPL,524,Moderate food poverty,2022,43.0,Female,Units,%,Reanalysed,,Middle of fieldwork,6 to 23 months old
Nepal,NP,NPL,524,Moderate food poverty,2006,54.3,Male,Units,%,Reanalysed,,Middle of fieldwork,6 to 23 months old
Nepal,NP,NPL,524,Moderate food poverty,2011,52.2,Male,Units,%,Reanalysed,,Middle of fieldwork,6 to 23 months old
Nepal,NP,NPL,524,Moderate food poverty,2014,46.9,Male,Units,%,Reanalysed,,Middle of fieldwork,6 to 23 months old
Nepal,NP,NPL,524,Moderate food poverty,2016,46.5,Male,Units,%,Reanalysed,,Middle of fieldwork,6 to 23 months old
Nepal,NP,NPL,524,Moderate food poverty,2019,43.1,Male,Units,%,Reanalysed,,Middle of fieldwork,6 to 23 months old
Nepal,NP,NPL,524,Moderate food poverty,2022,44.6,Male,Units,%,Reanalysed,,Middle of fieldwork,6 to 23 months old
Nepal,NP,NPL,524,Moderate food poverty,2006,53.5,Total,Units,%,Reanalysed,,Middle of fieldwork,6 to 23 months old
Nepal,NP,NPL,524,Moderate food poverty,2011,52.3,Total,Units,%,Reanalysed,,Middle of fieldwork,6 to 23 months old
Nepal,NP,NPL,524,Moderate food poverty,2014,45.8,Total,Units,%,Reanalysed,,Middle of fieldwork,6 to 23 months old
Nepal,NP,NPL,524,Moderate food poverty,2016,45.6,Total,Units,%,Reanalysed,,Middle of fieldwork,6 to 23 months old
Nepal,NP,NPL,524,Moderate food poverty,2019,42.9,Total,Units,%,Reanalysed,,Middle of fieldwork,6 to 23 months old
Nepal,NP,NPL,524,Moderate food poverty,2022,43.8,Total,Units,%,Reanalysed,,Middle of fieldwork,6 to 23 months old
Niger,NE,NER,562,Moderate food poverty,2012,34.3,Female,Units,%,Reanalysed,,Middle of fieldwork,6 to 23 months old
Niger,NE,NER,562,Moderate food poverty,2018,53.2,Female,Units,%,Reanalysed,,Middle of fieldwork,6 to 23 months old
Niger,NE,NER,562,Moderate food poverty,2019,56.0,Female,Units,%,Reanalysed,,Middle of fieldwork,6 to 23 months old
Niger,NE,NER,562,Moderate food poverty,2020,54.9,Female,Units,%,Reanalysed,,Middle of fieldwork,6 to 23 months old
Niger,NE,NER,562,Moderate food poverty,2021,53.1,Female,Units,%,Reanalysed,,Middle of fieldwork,6 to 23 months old
Niger,NE,NER,562,Moderate food poverty,2022,52.8,Female,Units,%,Reanalysed,,Middle of fieldwork,6 to 23 months old
Niger,NE,NER,562,Moderate food poverty,2012,33.3,Male,Units,%,Reanalysed,,Middle of fieldwork,6 to 23 months old
Niger,NE,NER,562,Moderate food poverty,2018,49.8,Male,Units,%,Reanalysed,,Middle of fieldwork,6 to 23 months old
Niger,NE,NER,562,Moderate food poverty,2019,57.2,Male,Units,%,Reanalysed,,Middle of fieldwork,6 to 23 months old
Niger,NE,NER,562,Moderate food poverty,2020,56.6,Male,Units,%,Reanalysed,,Middle of fieldwork,6 to 23 months old
Niger,NE,NER,562,Moderate food poverty,2021,53.4,Male,Units,%,Reanalysed,,Middle of fieldwork,6 to 23 months old
Niger,NE,NER,562,Moderate food poverty,2022,56.0,Male,Units,%,Reanalysed,,Middle of fieldwork,6 to 23 months old
Niger,NE,NER,562,Moderate food poverty,2012,33.8,Total,Units,%,Reanalysed,,Middle of fieldwork,6 to 23 months old
Niger,NE,NER,562,Moderate food poverty,2018,51.5,Total,Units,%,Reanalysed,,Middle of fieldwork,6 to 23 months old
Niger,NE,NER,562,Moderate food poverty,2019,56.7,Total,Units,%,Reanalysed,,Middle of fieldwork,6 to 23 months old
Niger,NE,NER,562,Moderate food poverty,2020,55.8,Total,Units,%,Reanalysed,,Middle of fieldwork,6 to 23 months old
Niger,NE,NER,562,Moderate food poverty,2021,53.2,Total,Units,%,Reanalysed,,Middle of fieldwork,6 to 23 months old
Niger,NE,NER,562,Moderate food poverty,2022,54.4,Total,Units,%,Reanalysed,,Middle of fieldwork,6 to 23 months old
Nigeria,NG,NGA,566,Moderate food poverty,2008,35.1,Female,Units,%,Reanalysed,,Middle of fieldwork,6 to 23 months old
Nigeria,NG,NGA,566,Moderate food poverty,2013,38.8,Female,Units,%,Reanalysed,,Middle of fieldwork,6 to 23 months old
Nigeria,NG,NGA,566,Moderate food poverty,2016,42.7,Female,Units,%,Reanalysed,,Middle of fieldwork,6 to 23 months old
Nigeria,NG,NGA,566,Moderate food poverty,2018,44.3,Female,Units,%,Reanalysed,,Middle of fieldwork,6 to 23 months old
Nigeria,NG,NGA,566,Moderate food poverty,2021,38.5,Female,Units,%,Reanalysed,,Middle of fieldwork,6 to 23 months old
Nigeria,NG,NGA,566,Moderate food poverty,2008,34.4,Male,Units,%,Reanalysed,,Middle of fieldwork,6 to 23 months old
Nigeria,NG,NGA,566,Moderate food poverty,2013,40.5,Male,Units,%,Reanalysed,,Middle of fieldwork,6 to 23 months old
Nigeria,NG,NGA,566,Moderate food poverty,2016,42.0,Male,Units,%,Reanalysed,,Middle of fieldwork,6 to 23 months old
Nigeria,NG,NGA,566,Moderate food poverty,2018,44.5,Male,Units,%,Reanalysed,,Middle of fieldwork,6 to 23 months old
Nigeria,NG,NGA,566,Moderate food poverty,2021,36.2,Male,Units,%,Reanalysed,,Middle of fieldwork,6 to 23 months old
Nigeria,NG,NGA,566,Moderate food poverty,2008,34.8,Total,Units,%,Reanalysed,,Middle of fieldwork,6 to 23 months old
Nigeria,NG,NGA,566,Moderate food poverty,2013,39.6,Total,Units,%,Reanalysed,,Middle of fieldwork,6 to 23 months old
Nigeria,NG,NGA,566,Moderate food poverty,2016,42.4,Total,Units,%,Reanalysed,,Middle of fieldwork,6 to 23 months old
Nigeria,NG,NGA,566,Moderate food poverty,2018,44.4,Total,Units,%,Reanalysed,,Middle of fieldwork,6 to 23 months old
Nigeria,NG,NGA,566,Moderate food poverty,2021,37.3,Total,Units,%,Reanalysed,,Middle of fieldwork,6 to 23 months old
"Macedonia, the former Yugoslav Republic of",MK,MKD,807,Moderate food poverty,2019,36.4,Female,Units,%,Reanalysed,,Middle of fieldwork,6 to 23 months old
"Macedonia, the former Yugoslav Republic of",MK,MKD,807,Moderate food poverty,2019,33.5,Male,Units,%,Reanalysed,,Middle of fieldwork,6 to 23 months old
"Macedonia, the former Yugoslav Republic of",MK,MKD,807,Moderate food poverty,2019,34.9,Total,Units,%,Reanalysed,,Middle of fieldwork,6 to 23 months old
Pakistan,PK,PAK,586,Moderate food poverty,2013,46.6,Female,Units,%,Reanalysed,,Middle of fieldwork,6 to 23 months old
Pakistan,PK,PAK,586,Moderate food poverty,2018,46.8,Female,Units,%,Reanalysed,,Middle of fieldwork,6 to 23 months old
Pakistan,PK,PAK,586,Moderate food poverty,2013,48.5,Male,Units,%,Reanalysed,,Middle of fieldwork,6 to 23 months old
Pakistan,PK,PAK,586,Moderate food poverty,2018,46.4,Male,Units,%,Reanalysed,,Middle of fieldwork,6 to 23 months old
Pakistan,PK,PAK,586,Moderate food poverty,2013,47.6,Total,Units,%,Reanalysed,,Middle of fieldwork,6 to 23 months old
Pakistan,PK,PAK,586,Moderate food poverty,2018,46.6,Total,Units,%,Reanalysed,,Middle of fieldwork,6 to 23 months old
Papua New Guinea,PG,PNG,598,Moderate food poverty,2017,41.4,Female,Units,%,Reanalysed,,Middle of fieldwork,6 to 23 months old
Papua New Guinea,PG,PNG,598,Moderate food poverty,2017,42.3,Male,Units,%,Reanalysed,,Middle of fieldwork,6 to 23 months old
Papua New Guinea,PG,PNG,598,Moderate food poverty,2017,41.8,Total,Units,%,Reanalysed,,Middle of fieldwork,6 to 23 months old
Paraguay,PY,PRY,600,Moderate food poverty,2016,41.9,Female,Units,%,Reanalysed,,Middle of fieldwork,6 to 23 months old
Paraguay,PY,PRY,600,Moderate food poverty,2016,42.8,Male,Units,%,Reanalysed,,Middle of fieldwork,6 to 23 months old
Paraguay,PY,PRY,600,Moderate food poverty,2016,42.3,Total,Units,%,Reanalysed,,Middle of fieldwork,6 to 23 months old
Peru,PE,PER,604,Moderate food poverty,2007,20.2,Female,Units,%,Reanalysed,,Middle of fieldwork,6 to 23 months old
Peru,PE,PER,604,Moderate food poverty,2009,20.9,Female,Units,%,Reanalysed,,Middle of fieldwork,6 to 23 months old
Peru,PE,PER,604,Moderate food poverty,2010,17.7,Female,Units,%,Reanalysed,,Middle of fieldwork,6 to 23 months old
Peru,PE,PER,604,Moderate food poverty,2011,17.5,Female,Units,%,Reanalysed,,Middle of fieldwork,6 to 23 months old
Peru,PE,PER,604,Moderate food poverty,2012,17.7,Female,Units,%,Reanalysed,,Middle of fieldwork,6 to 23 months old
Peru,PE,PER,604,Moderate food poverty,2014,12.9,Female,Units,%,Reanalysed,,Middle of fieldwork,6 to 23 months old
Peru,PE,PER,604,Moderate food poverty,2015,13.9,Female,Units,%,Reanalysed,,Middle of fieldwork,6 to 23 months old
Peru,PE,PER,604,Moderate food poverty,2016,14.2,Female,Units,%,Reanalysed,,Middle of fieldwork,6 to 23 months old
Peru,PE,PER,604,Moderate food poverty,2017,12.7,Female,Units,%,Reanalysed,,Middle of fieldwork,6 to 23 months old
Peru,PE,PER,604,Moderate food poverty,2018,12.0,Female,Units,%,Reanalysed,,Middle of fieldwork,6 to 23 months old
Peru,PE,PER,604,Moderate food poverty,2019,13.3,Female,Units,%,Reanalysed,,Middle of fieldwork,6 to 23 months old
Peru,PE,PER,604,Moderate food poverty,2020,11.1,Female,Units,%,Reanalysed,,Middle of fieldwork,6 to 23 months old
Peru,PE,PER,604,Moderate food poverty,2021,14.1,Female,Units,%,Reanalysed,,Middle of fieldwork,6 to 23 months old
Peru,PE,PER,604,Moderate food poverty,2022,21.3,Female,Units,%,Reanalysed,,Middle of fieldwork,6 to 23 months old
Peru,PE,PER,604,Moderate food poverty,2023,13.6,Female,Units,%,Reanalysed,,Middle of fieldwork,6 to 23 months old
Peru,PE,PER,604,Moderate food poverty,2007,18.1,Male,Units,%,Reanalysed,,Middle of fieldwork,6 to 23 months old
Peru,PE,PER,604,Moderate food poverty,2009,17.6,Male,Units,%,Reanalysed,,Middle of fieldwork,6 to 23 months old
Peru,PE,PER,604,Moderate food poverty,2010,16.1,Male,Units,%,Reanalysed,,Middle of fieldwork,6 to 23 months old
Peru,PE,PER,604,Moderate food poverty,2011,16.8,Male,Units,%,Reanalysed,,Middle of fieldwork,6 to 23 months old
Peru,PE,PER,604,Moderate food poverty,2012,16.5,Male,Units,%,Reanalysed,,Middle of fieldwork,6 to 23 months old
Peru,PE,PER,604,Moderate food poverty,2014,13.4,Male,Units,%,Reanalysed,,Middle of fieldwork,6 to 23 months old
Peru,PE,PER,604,Moderate food poverty,2015,13.9,Male,Units,%,Reanalysed,,Middle of fieldwork,6 to 23 months old
Peru,PE,PER,604,Moderate food poverty,2016,13.8,Male,Units,%,Reanalysed,,Middle of fieldwork,6 to 23 months old
Peru,PE,PER,604,Moderate food poverty,2017,14.2,Male,Units,%,Reanalysed,,Middle of fieldwork,6 to 23 months old
Peru,PE,PER,604,Moderate food poverty,2018,13.5,Male,Units,%,Reanalysed,,Middle of fieldwork,6 to 23 months old
Peru,PE,PER,604,Moderate food poverty,2019,14.0,Male,Units,%,Reanalysed,,Middle of fieldwork,6 to 23 months old
Peru,PE,PER,604,Moderate food poverty,2020,13.1,Male,Units,%,Reanalysed,,Middle of fieldwork,6 to 23 months old
Peru,PE,PER,604,Moderate food poverty,2021,12.3,Male,Units,%,Reanalysed,,Middle of fieldwork,6 to 23 months old
Peru,PE,PER,604,Moderate food poverty,2022,22.8,Male,Units,%,Reanalysed,,Middle of fieldwork,6 to 23 months old
Peru,PE,PER,604,Moderate food poverty,2023,12.8,Male,Units,%,Reanalysed,,Middle of fieldwork,6 to 23 months old
Peru,PE,PER,604,Moderate food poverty,2007,19.2,Total,Units,%,Reanalysed,,Middle of fieldwork,6 to 23 months old
Peru,PE,PER,604,Moderate food poverty,2009,19.2,Total,Units,%,Reanalysed,,Middle of fieldwork,6 to 23 months old
Peru,PE,PER,604,Moderate food poverty,2010,16.9,Total,Units,%,Reanalysed,,Middle of fieldwork,6 to 23 months old
Peru,PE,PER,604,Moderate food poverty,2011,17.1,Total,Units,%,Reanalysed,,Middle of fieldwork,6 to 23 months old
Peru,PE,PER,604,Moderate food poverty,2012,17.1,Total,Units,%,Reanalysed,,Middle of fieldwork,6 to 23 months old
Peru,PE,PER,604,Moderate food poverty,2014,13.2,Total,Units,%,Reanalysed,,Middle of fieldwork,6 to 23 months old
Peru,PE,PER,604,Moderate food poverty,2015,13.9,Total,Units,%,Reanalysed,,Middle of fieldwork,6 to 23 months old
Peru,PE,PER,604,Moderate food poverty,2016,14.0,Total,Units,%,Reanalysed,,Middle of fieldwork,6 to 23 months old
Peru,PE,PER,604,Moderate food poverty,2017,13.4,Total,Units,%,Reanalysed,,Middle of fieldwork,6 to 23 months old
Peru,PE,PER,604,Moderate food poverty,2018,12.8,Total,Units,%,Reanalysed,,Middle of fieldwork,6 to 23 months old
Peru,PE,PER,604,Moderate food poverty,2019,13.7,Total,Units,%,Reanalysed,,Middle of fieldwork,6 to 23 months old
Peru,PE,PER,604,Moderate food poverty,2020,12.2,Total,Units,%,Reanalysed,,Middle of fieldwork,6 to 23 months old
Peru,PE,PER,604,Moderate food poverty,2021,13.2,Total,Units,%,Reanalysed,,Middle of fieldwork,6 to 23 months old
Peru,PE,PER,604,Moderate food poverty,2022,22.1,Total,Units,%,Reanalysed,,Middle of fieldwork,6 to 23 months old
Peru,PE,PER,604,Moderate food poverty,2023,13.2,Total,Units,%,Reanalysed,,Middle of fieldwork,6 to 23 months old
Philippines,PH,PHL,608,Moderate food poverty,2008,33.3,Female,Units,%,Reanalysed,,Middle of fieldwork,6 to 23 months old
Philippines,PH,PHL,608,Moderate food poverty,2022,34.8,Female,Units,%,Reanalysed,,Middle of fieldwork,6 to 23 months old
Philippines,PH,PHL,608,Moderate food poverty,2008,35.4,Male,Units,%,Reanalysed,,Middle of fieldwork,6 to 23 months old
Philippines,PH,PHL,608,Moderate food poverty,2022,34.5,Male,Units,%,Reanalysed,,Middle of fieldwork,6 to 23 months old
Philippines,PH,PHL,608,Moderate food poverty,2008,34.4,Total,Units,%,Reanalysed,,Middle of fieldwork,6 to 23 months old
Philippines,PH,PHL,608,Moderate food poverty,2022,34.7,Total,Units,%,Reanalysed,,Middle of fieldwork,6 to 23 months old
"Moldova, Republic of",MD,MDA,498,Moderate food poverty,2005,26.1,Female,Units,%,Reanalysed,,Middle of fieldwork,6 to 23 months old
"Moldova, Republic of",MD,MDA,498,Moderate food poverty,2005,22.3,Male,Units,%,Reanalysed,,Middle of fieldwork,6 to 23 months old
"Moldova, Republic of",MD,MDA,498,Moderate food poverty,2005,24.1,Total,Units,%,Reanalysed,,Middle of fieldwork,6 to 23 months old
Rwanda,RW,RWA,646,Moderate food poverty,2010,56.3,Female,Units,%,Reanalysed,,Middle of fieldwork,6 to 23 months old
Rwanda,RW,RWA,646,Moderate food poverty,2015,52.7,Female,Units,%,Reanalysed,,Middle of fieldwork,6 to 23 months old
Rwanda,RW,RWA,646,Moderate food poverty,2018,56.3,Female,Units,%,Reanalysed,,Middle of fieldwork,6 to 23 months old
Rwanda,RW,RWA,646,Moderate food poverty,2020,53.3,Female,Units,%,Reanalysed,,Middle of fieldwork,6 to 23 months old
Rwanda,RW,RWA,646,Moderate food poverty,2010,54.8,Male,Units,%,Reanalysed,,Middle of fieldwork,6 to 23 months old
Rwanda,RW,RWA,646,Moderate food poverty,2015,54.2,Male,Units,%,Reanalysed,,Middle of fieldwork,6 to 23 months old
Rwanda,RW,RWA,646,Moderate food poverty,2018,52.9,Male,Units,%,Reanalysed,,Middle of fieldwork,6 to 23 months old
Rwanda,RW,RWA,646,Moderate food poverty,2020,53.1,Male,Units,%,Reanalysed,,Middle of fieldwork,6 to 23 months old
Rwanda,RW,RWA,646,Moderate food poverty,2010,55.6,Total,Units,%,Reanalysed,,Middle of fieldwork,6 to 23 months old
Rwanda,RW,RWA,646,Moderate food poverty,2015,53.5,Total,Units,%,Reanalysed,,Middle of fieldwork,6 to 23 months old
Rwanda,RW,RWA,646,Moderate food poverty,2018,54.6,Total,Units,%,Reanalysed,,Middle of fieldwork,6 to 23 months old
Rwanda,RW,RWA,646,Moderate food poverty,2020,53.2,Total,Units,%,Reanalysed,,Middle of fieldwork,6 to 23 months old
Samoa,WS,WSM,882,Moderate food poverty,2019,55.9,Female,Units,%,Reanalysed,,Middle of fieldwork,6 to 23 months old
Samoa,WS,WSM,882,Moderate food poverty,2019,58.6,Male,Units,%,Reanalysed,,Middle of fieldwork,6 to 23 months old
Samoa,WS,WSM,882,Moderate food poverty,2019,57.3,Total,Units,%,Reanalysed,,Middle of fieldwork,6 to 23 months old
Sao Tome and Principe,ST,STP,678,Moderate food poverty,2008,41.3,Female,Units,%,Reanalysed,,Middle of fieldwork,6 to 23 months old
Sao Tome and Principe,ST,STP,678,Moderate food poverty,2014,46.1,Female,Units,%,Reanalysed,,Middle of fieldwork,6 to 23 months old
Sao Tome and Principe,ST,STP,678,Moderate food poverty,2019,41.3,Female,Units,%,Reanalysed,,Middle of fieldwork,6 to 23 months old
Sao Tome and Principe,ST,STP,678,Moderate food poverty,2008,39.0,Male,Units,%,Reanalysed,,Middle of fieldwork,6 to 23 months old
Sao Tome and Principe,ST,STP,678,Moderate food poverty,2014,41.8,Male,Units,%,Reanalysed,,Middle of fieldwork,6 to 23 months old
Sao Tome and Principe,ST,STP,678,Moderate food poverty,2019,49.2,Male,Units,%,Reanalysed,,Middle of fieldwork,6 to 23 months old
Sao Tome and Principe,ST,STP,678,Moderate food poverty,2008,40.1,Total,Units,%,Reanalysed,,Middle of fieldwork,6 to 23 months old
Sao Tome and Principe,ST,STP,678,Moderate food poverty,2014,44.1,Total,Units,%,Reanalysed,,Middle of fieldwork,6 to 23 months old
Sao Tome and Principe,ST,STP,678,Moderate food poverty,2019,45.4,Total,Units,%,Reanalysed,,Middle of fieldwork,6 to 23 months old
Senegal,SN,SEN,686,Moderate food poverty,2011,42.9,Female,Units,%,Reanalysed,,Middle of fieldwork,6 to 23 months old
Senegal,SN,SEN,686,Moderate food poverty,2013,50.9,Female,Units,%,Reanalysed,,Middle of fieldwork,6 to 23 months old
Senegal,SN,SEN,686,Moderate food poverty,2014,50.8,Female,Units,%,Reanalysed,,Middle of fieldwork,6 to 23 months old
Senegal,SN,SEN,686,Moderate food poverty,2015,46.9,Female,Units,%,Reanalysed,,Middle of fieldwork,6 to 23 months old
Senegal,SN,SEN,686,Moderate food poverty,2016,43.5,Female,Units,%,Reanalysed,,Middle of fieldwork,6 to 23 months old
Senegal,SN,SEN,686,Moderate food poverty,2017,42.5,Female,Units,%,Reanalysed,,Middle of fieldwork,6 to 23 months old
Senegal,SN,SEN,686,Moderate food poverty,2018,38.9,Female,Units,%,Reanalysed,,Middle of fieldwork,6 to 23 months old
Senegal,SN,SEN,686,Moderate food poverty,2019,44.2,Female,Units,%,Reanalysed,,Middle of fieldwork,6 to 23 months old
Senegal,SN,SEN,686,Moderate food poverty,2023,42.2,Female,Units,%,Reanalysed,,Middle of fieldwork,6 to 23 months old
Senegal,SN,SEN,686,Moderate food poverty,2011,44.2,Male,Units,%,Reanalysed,,Middle of fieldwork,6 to 23 months old
Senegal,SN,SEN,686,Moderate food poverty,2013,49.6,Male,Units,%,Reanalysed,,Middle of fieldwork,6 to 23 months old
Senegal,SN,SEN,686,Moderate food poverty,2014,49.6,Male,Units,%,Reanalysed,,Middle of fieldwork,6 to 23 months old
Senegal,SN,SEN,686,Moderate food poverty,2015,46.3,Male,Units,%,Reanalysed,,Middle of fieldwork,6 to 23 months old
Senegal,SN,SEN,686,Moderate food poverty,2016,44.8,Male,Units,%,Reanalysed,,Middle of fieldwork,6 to 23 months old
Senegal,SN,SEN,686,Moderate food poverty,2017,44.0,Male,Units,%,Reanalysed,,Middle of fieldwork,6 to 23 months old
Senegal,SN,SEN,686,Moderate food poverty,2018,42.5,Male,Units,%,Reanalysed,,Middle of fieldwork,6 to 23 months old
Senegal,SN,SEN,686,Moderate food poverty,2019,42.4,Male,Units,%,Reanalysed,,Middle of fieldwork,6 to 23 months old
Senegal,SN,SEN,686,Moderate food poverty,2023,41.7,Male,Units,%,Reanalysed,,Middle of fieldwork,6 to 23 months old
Senegal,SN,SEN,686,Moderate food poverty,2011,43.6,Total,Units,%,Reanalysed,,Middle of fieldwork,6 to 23 months old
Senegal,SN,SEN,686,Moderate food poverty,2013,50.2,Total,Units,%,Reanalysed,,Middle of fieldwork,6 to 23 months old
Senegal,SN,SEN,686,Moderate food poverty,2014,50.2,Total,Units,%,Reanalysed,,Middle of fieldwork,6 to 23 months old
Senegal,SN,SEN,686,Moderate food poverty,2015,46.6,Total,Units,%,Reanalysed,,Middle of fieldwork,6 to 23 months old
Senegal,SN,SEN,686,Moderate food poverty,2016,44.2,Total,Units,%,Reanalysed,,Middle of fieldwork,6 to 23 months old
Senegal,SN,SEN,686,Moderate food poverty,2017,43.2,Total,Units,%,Reanalysed,,Middle of fieldwork,6 to 23 months old
Senegal,SN,SEN,686,Moderate food poverty,2018,40.6,Total,Units,%,Reanalysed,,Middle of fieldwork,6 to 23 months old
Senegal,SN,SEN,686,Moderate food poverty,2019,43.3,Total,Units,%,Reanalysed,,Middle of fieldwork,6 to 23 months old
Senegal,SN,SEN,686,Moderate food poverty,2023,41.9,Total,Units,%,Reanalysed,,Middle of fieldwork,6 to 23 months old
Serbia,RS,SRB,688,Moderate food poverty,2014,22.2,Female,Units,%,Reanalysed,,Middle of fieldwork,6 to 23 months old
Serbia,RS,SRB,688,Moderate food poverty,2019,14.8,Female,Units,%,Reanalysed,,Middle of fieldwork,6 to 23 months old
Serbia,RS,SRB,688,Moderate food poverty,2014,20.1,Male,Units,%,Reanalysed,,Middle of fieldwork,6 to 23 months old
Serbia,RS,SRB,688,Moderate food poverty,2019,10.8,Male,Units,%,Reanalysed,,Middle of fieldwork,6 to 23 months old
Serbia,RS,SRB,688,Moderate food poverty,2014,21.1,Total,Units,%,Reanalysed,,Middle of fieldwork,6 to 23 months old
Serbia,RS,SRB,688,Moderate food poverty,2019,12.5,Total,Units,%,Reanalysed,,Middle of fieldwork,6 to 23 months old
Sierra Leone,SL,SLE,694,Moderate food poverty,2008,39.8,Female,Units,%,Reanalysed,,Middle of fieldwork,6 to 23 months old
Sierra Leone,SL,SLE,694,Moderate food poverty,2013,32.8,Female,Units,%,Reanalysed,,Middle of fieldwork,6 to 23 months old
Sierra Leone,SL,SLE,694,Moderate food poverty,2017,46.5,Female,Units,%,Reanalysed,,Middle of fieldwork,6 to 23 months old
Sierra Leone,SL,SLE,694,Moderate food poverty,2019,37.2,Female,Units,%,Reanalysed,,Middle of fieldwork,6 to 23 months old
Sierra Leone,SL,SLE,694,Moderate food poverty,2021,27.4,Female,Units,%,Reanalysed,,Middle of fieldwork,6 to 23 months old
Sierra Leone,SL,SLE,694,Moderate food poverty,2008,36.8,Male,Units,%,Reanalysed,,Middle of fieldwork,6 to 23 months old
Sierra Leone,SL,SLE,694,Moderate food poverty,2013,32.7,Male,Units,%,Reanalysed,,Middle of fieldwork,6 to 23 months old
Sierra Leone,SL,SLE,694,Moderate food poverty,2017,43.7,Male,Units,%,Reanalysed,,Middle of fieldwork,6 to 23 months old
Sierra Leone,SL,SLE,694,Moderate food poverty,2019,43.6,Male,Units,%,Reanalysed,,Middle of fieldwork,6 to 23 months old
Sierra Leone,SL,SLE,694,Moderate food poverty,2021,31.1,Male,Units,%,Reanalysed,,Middle of fieldwork,6 to 23 months old
Sierra Leone,SL,SLE,694,Moderate food poverty,2008,38.3,Total,Units,%,Reanalysed,,Middle of fieldwork,6 to 23 months old
Sierra Leone,SL,SLE,694,Moderate food poverty,2013,32.8,Total,Units,%,Reanalysed,,Middle of fieldwork,6 to 23 months old
Sierra Leone,SL,SLE,694,Moderate food poverty,2017,45.1,Total,Units,%,Reanalysed,,Middle of fieldwork,6 to 23 months old
Sierra Leone,SL,SLE,694,Moderate food poverty,2019,40.4,Total,Units,%,Reanalysed,,Middle of fieldwork,6 to 23 months old
Sierra Leone,SL,SLE,694,Moderate food poverty,2021,29.2,Total,Units,%,Reanalysed,,Middle of fieldwork,6 to 23 months old
Somalia,SO,SOM,706,Moderate food poverty,2018,23.4,Female,Units,%,Reanalysed,,Middle of fieldwork,6 to 23 months old
Somalia,SO,SOM,706,Moderate food poverty,2018,24.5,Male,Units,%,Reanalysed,,Middle of fieldwork,6 to 23 months old
Somalia,SO,SOM,706,Moderate food poverty,2018,23.9,Total,Units,%,Reanalysed,,Middle of fieldwork,6 to 23 months old
South Africa,ZA,ZAF,710,Moderate food poverty,2016,37.3,Female,Units,%,Reanalysed,,Middle of fieldwork,6 to 23 months old
South Africa,ZA,ZAF,710,Moderate food poverty,2016,37.3,Male,Units,%,Reanalysed,,Middle of fieldwork,6 to 23 months old
South Africa,ZA,ZAF,710,Moderate food poverty,2016,37.3,Total,Units,%,Reanalysed,,Middle of fieldwork,6 to 23 months old
Sri Lanka,LK,LKA,144,Moderate food poverty,2016,16.6,Female,Units,%,Reanalysed,,Middle of fieldwork,6 to 23 months old
Sri Lanka,LK,LKA,144,Moderate food poverty,2016,16.9,Male,Units,%,Reanalysed,,Middle of fieldwork,6 to 23 months old
Sri Lanka,LK,LKA,144,Moderate food poverty,2016,16.8,Total,Units,%,Reanalysed,,Middle of fieldwork,6 to 23 months old
"Palestinian Territory, Occupied",PS,PSE,275,Moderate food poverty,2014,40.7,Female,Units,%,Reanalysed,,Middle of fieldwork,6 to 23 months old
"Palestinian Territory, Occupied",PS,PSE,275,Moderate food poverty,2020,43.0,Female,Units,%,Reanalysed,,Middle of fieldwork,6 to 23 months old
"Palestinian Territory, Occupied",PS,PSE,275,Moderate food poverty,2014,36.6,Male,Units,%,Reanalysed,,Middle of fieldwork,6 to 23 months old
"Palestinian Territory, Occupied",PS,PSE,275,Moderate food poverty,2020,41.9,Male,Units,%,Reanalysed,,Middle of fieldwork,6 to 23 months old
"Palestinian Territory, Occupied",PS,PSE,275,Moderate food poverty,2014,38.6,Total,Units,%,Reanalysed,,Middle of fieldwork,6 to 23 months old
"Palestinian Territory, Occupied",PS,PSE,275,Moderate food poverty,2020,42.4,Total,Units,%,Reanalysed,,Middle of fieldwork,6 to 23 months old
Sudan,SD,SDN,736,Moderate food poverty,2014,41.9,Female,Units,%,Reanalysed,,Middle of fieldwork,6 to 23 months old
Sudan,SD,SDN,736,Moderate food poverty,2014,42.6,Male,Units,%,Reanalysed,,Middle of fieldwork,6 to 23 months old
Sudan,SD,SDN,736,Moderate food poverty,2014,42.2,Total,Units,%,Reanalysed,,Middle of fieldwork,6 to 23 months old
Suriname,SR,SUR,740,Moderate food poverty,2018,46.6,Female,Units,%,Reanalysed,,Middle of fieldwork,6 to 23 months old
Suriname,SR,SUR,740,Moderate food poverty,2018,50.1,Male,Units,%,Reanalysed,,Middle of fieldwork,6 to 23 months old
Suriname,SR,SUR,740,Moderate food poverty,2018,48.4,Total,Units,%,Reanalysed,,Middle of fieldwork,6 to 23 months old
Syrian Arab Republic,SY,SYR,760,Moderate food poverty,2019,38.4,Total,Units,%,External Reanalysis,,Middle of fieldwork,6 to 23 months old
Tajikistan,TJ,TJK,762,Moderate food poverty,2012,32.3,Female,Units,%,Reanalysed,,Middle of fieldwork,6 to 23 months old
Tajikistan,TJ,TJK,762,Moderate food poverty,2017,44.5,Female,Units,%,Reanalysed,,Middle of fieldwork,6 to 23 months old
Tajikistan,TJ,TJK,762,Moderate food poverty,2012,33.0,Male,Units,%,Reanalysed,,Middle of fieldwork,6 to 23 months old
Tajikistan,TJ,TJK,762,Moderate food poverty,2017,42.6,Male,Units,%,Reanalysed,,Middle of fieldwork,6 to 23 months old
Tajikistan,TJ,TJK,762,Moderate food poverty,2012,32.7,Total,Units,%,Reanalysed,,Middle of fieldwork,6 to 23 months old
Tajikistan,TJ,TJK,762,Moderate food poverty,2017,43.5,Total,Units,%,Reanalysed,,Middle of fieldwork,6 to 23 months old
Thailand,TH,THA,764,Moderate food poverty,2016,24.7,Female,Units,%,Reanalysed,,Middle of fieldwork,6 to 23 months old
Thailand,TH,THA,764,Moderate food poverty,2019,23.9,Female,Units,%,Reanalysed,,Middle of fieldwork,6 to 23 months old
Thailand,TH,THA,764,Moderate food poverty,2022,16.8,Female,Units,%,Reanalysed,,Middle of fieldwork,6 to 23 months old
Thailand,TH,THA,764,Moderate food poverty,2016,31.2,Male,Units,%,Reanalysed,,Middle of fieldwork,6 to 23 months old
Thailand,TH,THA,764,Moderate food poverty,2019,25.0,Male,Units,%,Reanalysed,,Middle of fieldwork,6 to 23 months old
Thailand,TH,THA,764,Moderate food poverty,2022,19.5,Male,Units,%,Reanalysed,,Middle of fieldwork,6 to 23 months old
Thailand,TH,THA,764,Moderate food poverty,2016,28.3,Total,Units,%,Reanalysed,,Middle of fieldwork,6 to 23 months old
Thailand,TH,THA,764,Moderate food poverty,2019,24.5,Total,Units,%,Reanalysed,,Middle of fieldwork,6 to 23 months old
Thailand,TH,THA,764,Moderate food poverty,2022,18.1,Total,Units,%,Reanalysed,,Middle of fieldwork,6 to 23 months old
Timor-Leste,TL,TLS,626,Moderate food poverty,2009,44.6,Female,Units,%,Reanalysed,,Middle of fieldwork,6 to 23 months old
Timor-Leste,TL,TLS,626,Moderate food poverty,2016,29.3,Female,Units,%,Reanalysed,,Middle of fieldwork,6 to 23 months old
Timor-Leste,TL,TLS,626,Moderate food poverty,2020,29.5,Female,Units,%,Reanalysed,,Middle of fieldwork,6 to 23 months old
Timor-Leste,TL,TLS,626,Moderate food poverty,2009,41.3,Male,Units,%,Reanalysed,,Middle of fieldwork,6 to 23 months old
Timor-Leste,TL,TLS,626,Moderate food poverty,2016,34.8,Male,Units,%,Reanalysed,,Middle of fieldwork,6 to 23 months old
Timor-Leste,TL,TLS,626,Moderate food poverty,2020,30.4,Male,Units,%,Reanalysed,,Middle of fieldwork,6 to 23 months old
Timor-Leste,TL,TLS,626,Moderate food poverty,2009,42.9,Total,Units,%,Reanalysed,,Middle of fieldwork,6 to 23 months old
Timor-Leste,TL,TLS,626,Moderate food poverty,2016,32.1,Total,Units,%,Reanalysed,,Middle of fieldwork,6 to 23 months old
Timor-Leste,TL,TLS,626,Moderate food poverty,2020,30.0,Total,Units,%,Reanalysed,,Middle of fieldwork,6 to 23 months old
Togo,TG,TGO,768,Moderate food poverty,2014,48.3,Female,Units,%,Reanalysed,,Middle of fieldwork,6 to 23 months old
Togo,TG,TGO,768,Moderate food poverty,2017,50.9,Female,Units,%,Reanalysed,,Middle of fieldwork,6 to 23 months old
Togo,TG,TGO,768,Moderate food poverty,2014,48.9,Male,Units,%,Reanalysed,,Middle of fieldwork,6 to 23 months old
Togo,TG,TGO,768,Moderate food poverty,2017,50.9,Male,Units,%,Reanalysed,,Middle of fieldwork,6 to 23 months old
Togo,TG,TGO,768,Moderate food poverty,2014,48.6,Total,Units,%,Reanalysed,,Middle of fieldwork,6 to 23 months old
Togo,TG,TGO,768,Moderate food poverty,2017,50.9,Total,Units,%,Reanalysed,,Middle of fieldwork,6 to 23 months old
Tonga,TO,TON,776,Moderate food poverty,2019,32.6,Female,Units,%,Reanalysed,,Middle of fieldwork,6 to 23 months old
Tonga,TO,TON,776,Moderate food poverty,2019,35.0,Male,Units,%,Reanalysed,,Middle of fieldwork,6 to 23 months old
Tonga,TO,TON,776,Moderate food poverty,2019,33.8,Total,Units,%,Reanalysed,,Middle of fieldwork,6 to 23 months old
Trinidad and Tobago,TT,TTO,780,Moderate food poverty,2022,40.1,Female,Units,%,Reanalysed,,Middle of fieldwork,6 to 23 months old
Trinidad and Tobago,TT,TTO,780,Moderate food poverty,2022,39.6,Male,Units,%,Reanalysed,,Middle of fieldwork,6 to 23 months old
Trinidad and Tobago,TT,TTO,780,Moderate food poverty,2022,39.9,Total,Units,%,Reanalysed,,Middle of fieldwork,6 to 23 months old
Tunisia,TN,TUN,788,Moderate food poverty,2018,29.2,Female,Units,%,Reanalysed,,Middle of fieldwork,6 to 23 months old
Tunisia,TN,TUN,788,Moderate food poverty,2018,27.8,Male,Units,%,Reanalysed,,Middle of fieldwork,6 to 23 months old
Tunisia,TN,TUN,788,Moderate food poverty,2018,28.4,Total,Units,%,Reanalysed,,Middle of fieldwork,6 to 23 months old
Turkmenistan,TM,TKM,795,Moderate food poverty,2015,12.5,Female,Units,%,Reanalysed,,Middle of fieldwork,6 to 23 months old
Turkmenistan,TM,TKM,795,Moderate food poverty,2019,26.5,Female,Units,%,Reanalysed,,Middle of fieldwork,6 to 23 months old
Turkmenistan,TM,TKM,795,Moderate food poverty,2015,12.9,Male,Units,%,Reanalysed,,Middle of fieldwork,6 to 23 months old
Turkmenistan,TM,TKM,795,Moderate food poverty,2019,26.7,Male,Units,%,Reanalysed,,Middle of fieldwork,6 to 23 months old
Turkmenistan,TM,TKM,795,Moderate food poverty,2015,12.7,Total,Units,%,Reanalysed,,Middle of fieldwork,6 to 23 months old
Turkmenistan,TM,TKM,795,Moderate food poverty,2019,26.6,Total,Units,%,Reanalysed,,Middle of fieldwork,6 to 23 months old
Turks and Caicos Islands,TC,TCA,796,Moderate food poverty,2020,14.8,Female,Units,%,Low reliability,,Middle of fieldwork,6 to 23 months old
Turks and Caicos Islands,TC,TCA,796,Moderate food poverty,2020,34.7,Male,Units,%,Low reliability,,Middle of fieldwork,6 to 23 months old
Turks and Caicos Islands,TC,TCA,796,Moderate food poverty,2020,22.4,Total,Units,%,Reanalysed,,Middle of fieldwork,6 to 23 months old
Tuvalu,TV,TUV,798,Moderate food poverty,2019,56.8,Female,Units,%,Reanalysed,,Middle of fieldwork,6 to 23 months old
Tuvalu,TV,TUV,798,Moderate food poverty,2019,56.6,Male,Units,%,Reanalysed,,Middle of fieldwork,6 to 23 months old
Tuvalu,TV,TUV,798,Moderate food poverty,2019,56.7,Total,Units,%,Reanalysed,,Middle of fieldwork,6 to 23 months old
Uganda,UG,UGA,800,Moderate food poverty,2006,60.2,Female,Units,%,Reanalysed,,Middle of fieldwork,6 to 23 months old
Uganda,UG,UGA,800,Moderate food poverty,2011,53.4,Female,Units,%,Reanalysed,,Middle of fieldwork,6 to 23 months old
Uganda,UG,UGA,800,Moderate food poverty,2016,53.5,Female,Units,%,Reanalysed,,Middle of fieldwork,6 to 23 months old
Uganda,UG,UGA,800,Moderate food poverty,2006,62.4,Male,Units,%,Reanalysed,,Middle of fieldwork,6 to 23 months old
Uganda,UG,UGA,800,Moderate food poverty,2011,55.9,Male,Units,%,Reanalysed,,Middle of fieldwork,6 to 23 months old
Uganda,UG,UGA,800,Moderate food poverty,2016,53.5,Male,Units,%,Reanalysed,,Middle of fieldwork,6 to 23 months old
Uganda,UG,UGA,800,Moderate food poverty,2006,61.3,Total,Units,%,Reanalysed,,Middle of fieldwork,6 to 23 months old
Uganda,UG,UGA,800,Moderate food poverty,2011,54.6,Total,Units,%,Reanalysed,,Middle of fieldwork,6 to 23 months old
Uganda,UG,UGA,800,Moderate food poverty,2016,53.5,Total,Units,%,Reanalysed,,Middle of fieldwork,6 to 23 months old
Uganda,UG,UGA,800,Moderate food poverty,2020,62.1,Total,Units,%,Reanalysed,,Middle of fieldwork,6 to 23 months old
"Tanzania, United Republic of",TZ,TZA,834,Moderate food poverty,2010,60.2,Female,Units,%,Reanalysed,,Middle of fieldwork,6 to 23 months old
"Tanzania, United Republic of",TZ,TZA,834,Moderate food poverty,2015,59.1,Female,Units,%,Reanalysed,,Middle of fieldwork,6 to 23 months old
"Tanzania, United Republic of",TZ,TZA,834,Moderate food poverty,2022,57.9,Female,Units,%,Reanalysed,,Middle of fieldwork,6 to 23 months old
"Tanzania, United Republic of",TZ,TZA,834,Moderate food poverty,2010,56.4,Male,Units,%,Reanalysed,,Middle of fieldwork,6 to 23 months old
"Tanzania, United Republic of",TZ,TZA,834,Moderate food poverty,2015,59.2,Male,Units,%,Reanalysed,,Middle of fieldwork,6 to 23 months old
"Tanzania, United Republic of",TZ,TZA,834,Moderate food poverty,2022,60.9,Male,Units,%,Reanalysed,,Middle of fieldwork,6 to 23 months old
"Tanzania, United Republic of",TZ,TZA,834,Moderate food poverty,2010,58.3,Total,Units,%,Reanalysed,,Middle of fieldwork,6 to 23 months old
"Tanzania, United Republic of",TZ,TZA,834,Moderate food poverty,2015,59.1,Total,Units,%,Reanalysed,,Middle of fieldwork,6 to 23 months old
"Tanzania, United Republic of",TZ,TZA,834,Moderate food poverty,2022,59.4,Total,Units,%,Reanalysed,,Middle of fieldwork,6 to 23 months old
Uruguay,UY,URY,858,Moderate food poverty,2018,26.8,Female,Units,%,Reanalysed,,Middle of fieldwork,6 to 23 months old
Uruguay,UY,URY,858,Moderate food poverty,2018,22.3,Male,Units,%,Reanalysed,,Middle of fieldwork,6 to 23 months old
Uruguay,UY,URY,858,Moderate food poverty,2018,24.4,Total,Units,%,Reanalysed,,Middle of fieldwork,6 to 23 months old
Uzbekistan,UZ,UZB,860,Moderate food poverty,2017,40.6,Female,Units,%,Reanalysed,,Middle of fieldwork,6 to 23 months old
Uzbekistan,UZ,UZB,860,Moderate food poverty,2021,35.5,Female,Units,%,Reanalysed,,Middle of fieldwork,6 to 23 months old
Uzbekistan,UZ,UZB,860,Moderate food poverty,2017,41.7,Male,Units,%,Reanalysed,,Middle of fieldwork,6 to 23 months old
Uzbekistan,UZ,UZB,860,Moderate food poverty,2021,30.4,Male,Units,%,Reanalysed,,Middle of fieldwork,6 to 23 months old
Uzbekistan,UZ,UZB,860,Moderate food poverty,2017,41.2,Total,Units,%,Reanalysed,,Middle of fieldwork,6 to 23 months old
Uzbekistan,UZ,UZB,860,Moderate food poverty,2021,32.8,Total,Units,%,Reanalysed,,Middle of fieldwork,6 to 23 months old
Vanuatu,VU,VUT,548,Moderate food poverty,2023,48.0,Female,Units,%,Reanalysed,,Middle of fieldwork,6 to 23 months old
Vanuatu,VU,VUT,548,Moderate food poverty,2023,50.4,Male,Units,%,Reanalysed,,Middle of fieldwork,6 to 23 months old
Vanuatu,VU,VUT,548,Moderate food poverty,2023,49.3,Total,Units,%,Reanalysed,,Middle of fieldwork,6 to 23 months old
Viet Nam,VN,VNM,704,Moderate food poverty,2014,34.2,Female,Units,%,Reanalysed,,Middle of fieldwork,6 to 23 months old
Viet Nam,VN,VNM,704,Moderate food poverty,2020,38.8,Female,Units,%,Reanalysed,,Middle of fieldwork,6 to 23 months old
Viet Nam,VN,VNM,704,Moderate food poverty,2014,38.1,Male,Units,%,Reanalysed,,Middle of fieldwork,6 to 23 months old
Viet Nam,VN,VNM,704,Moderate food poverty,2020,33.2,Male,Units,%,Reanalysed,,Middle of fieldwork,6 to 23 months old
Viet Nam,VN,VNM,704,Moderate food poverty,2014,36.3,Total,Units,%,Reanalysed,,Middle of fieldwork,6 to 23 months old
Viet Nam,VN,VNM,704,Moderate food poverty,2020,35.8,Total,Units,%,Reanalysed,,Middle of fieldwork,6 to 23 months old
Yemen,YE,YEM,887,Moderate food poverty,2013,46.6,Female,Units,%,Reanalysed,,Middle of fieldwork,6 to 23 months old
Yemen,YE,YEM,887,Moderate food poverty,2021,48.6,Female,Units,%,Reported,,Middle of fieldwork,6 to 23 months old
Yemen,YE,YEM,887,Moderate food poverty,2013,50.5,Male,Units,%,Reanalysed,,Middle of fieldwork,6 to 23 months old
Yemen,YE,YEM,887,Moderate food poverty,2021,50.6,Male,Units,%,Reported,,Middle of fieldwork,6 to 23 months old
Yemen,YE,YEM,887,Moderate food poverty,2013,48.5,Total,Units,%,Reanalysed,,Middle of fieldwork,6 to 23 months old
Yemen,YE,YEM,887,Moderate food poverty,2021,49.6,Total,Units,%,Reported,,Middle of fieldwork,6 to 23 months old
Zambia,ZM,ZMB,894,Moderate food poverty,2007,46.7,Female,Units,%,Reanalysed,,Middle of fieldwork,6 to 23 months old
Zambia,ZM,ZMB,894,Moderate food poverty,2013,53.3,Female,Units,%,Reanalysed,,Middle of fieldwork,6 to 23 months old
Zambia,ZM,ZMB,894,Moderate food poverty,2018,52.5,Female,Units,%,Reanalysed,,Middle of fieldwork,6 to 23 months old
Zambia,ZM,ZMB,894,Moderate food poverty,2007,45.7,Male,Units,%,Reanalysed,,Middle of fieldwork,6 to 23 months old
Zambia,ZM,ZMB,894,Moderate food poverty,2013,50.4,Male,Units,%,Reanalysed,,Middle of fieldwork,6 to 23 months old
Zambia,ZM,ZMB,894,Moderate food poverty,2018,53.9,Male,Units,%,Reanalysed,,Middle of fieldwork,6 to 23 months old
Zambia,ZM,ZMB,894,Moderate food poverty,2007,46.2,Total,Units,%,Reanalysed,,Middle of fieldwork,6 to 23 months old
Zambia,ZM,ZMB,894,Moderate food poverty,2013,51.8,Total,Units,%,Reanalysed,,Middle of fieldwork,6 to 23 months old
Zambia,ZM,ZMB,894,Moderate food poverty,2018,53.2,Total,Units,%,Reanalysed,,Middle of fieldwork,6 to 23 months old
Zimbabwe,ZW,ZWE,716,Moderate food poverty,2005,48.9,Female,Units,%,Reanalysed,,Middle of fieldwork,6 to 23 months old
Zimbabwe,ZW,ZWE,716,Moderate food poverty,2010,50.6,Female,Units,%,Reanalysed,,Middle of fieldwork,6 to 23 months old
Zimbabwe,ZW,ZWE,716,Moderate food poverty,2014,55.4,Female,Units,%,Reanalysed,,Middle of fieldwork,6 to 23 months old
Zimbabwe,ZW,ZWE,716,Moderate food poverty,2015,52.5,Female,Units,%,Reanalysed,,Middle of fieldwork,6 to 23 months old
Zimbabwe,ZW,ZWE,716,Moderate food poverty,2019,55.8,Female,Units,%,Reanalysed,,Middle of fieldwork,6 to 23 months old
Zimbabwe,ZW,ZWE,716,Moderate food poverty,2005,49.5,Male,Units,%,Reanalysed,,Middle of fieldwork,6 to 23 months old
Zimbabwe,ZW,ZWE,716,Moderate food poverty,2010,46.4,Male,Units,%,Reanalysed,,Middle of fieldwork,6 to 23 months old
Zimbabwe,ZW,ZWE,716,Moderate food poverty,2014,54.4,Male,Units,%,Reanalysed,,Middle of fieldwork,6 to 23 months old
Zimbabwe,ZW,ZWE,716,Moderate food poverty,2015,51.1,Male,Units,%,Reanalysed,,Middle of fieldwork,6 to 23 months old
Zimbabwe,ZW,ZWE,716,Moderate food poverty,2019,60.6,Male,Units,%,Reanalysed,,Middle of fieldwork,6 to 23 months old
Zimbabwe,ZW,ZWE,716,Moderate food poverty,2005,49.2,Total,Units,%,Reanalysed,,Middle of fieldwork,6 to 23 months old
Zimbabwe,ZW,ZWE,716,Moderate food poverty,2010,48.6,Total,Units,%,Reanalysed,,Middle of fieldwork,6 to 23 months old
Zimbabwe,ZW,ZWE,716,Moderate food poverty,2014,54.9,Total,Units,%,Reanalysed,,Middle of fieldwork,6 to 23 months old
Zimbabwe,ZW,ZWE,716,Moderate food poverty,2015,51.8,Total,Units,%,Reanalysed,,Middle of fieldwork,6 to 23 months old
Zimbabwe,ZW,ZWE,716,Moderate food poverty,2019,58.2,Total,Units,%,Reanalysed,,Middle of fieldwork,6 to 23 months old
